    <clickhouse>
      <!-- Docs: <https://clickhouse.com/docs/en/operations/settings/settings_users/> -->
      <users>
        <!-- Remove default user -->
        <default remove="remove">
        </default>

        <airflow>
          <profile>default</profile>
          <networks>
            <ip>::/0</ip>
          </networks>
          <password>supersecret</password>
          <quota>default</quota>
          <access_management>1</access_management>
        </airflow>
      </users>
    </clickhouse>
