raw_period;raw_price_with_vat;raw_price_without_vat
07.12.2024 00:00;7,93122;6,501
07.12.2024 01:00;10,91168;8,944
07.12.2024 02:00;10,85678;8,899
07.12.2024 03:00;10,17358;8,339
07.12.2024 04:00;9,97106;8,173
07.12.2024 05:00;10,38098;8,509
07.12.2024 06:00;10,1748;8,34
07.12.2024 07:00;10,3761;8,505
07.12.2024 08:00;10,1748;8,34
07.12.2024 09:00;10,858;8,9
07.12.2024 10:00;17,59606;14,423
07.12.2024 11:00;10,63962;8,721
07.12.2024 12:00;10,37732;8,506
07.12.2024 13:00;10,858;8,9
07.12.2024 14:00;15,13776;12,408
07.12.2024 15:00;10,858;8,9
07.12.2024 16:00;12,07556;9,898
07.12.2024 17:00;17,88032;14,656
07.12.2024 18:00;10,85678;8,899
07.12.2024 19:00;14,54606;11,923
07.12.2024 20:00;10,37976;8,508
07.12.2024 21:00;10,1748;8,34
07.12.2024 22:00;10,3761;8,505
07.12.2024 23:00;10,17358;8,339
08.12.2024 00:00;9,15488;7,504
08.12.2024 01:00;10,2602;8,41
08.12.2024 02:00;10,25898;8,409
08.12.2024 03:00;10,25898;8,409
08.12.2024 04:00;10,25898;8,409
08.12.2024 05:00;10,25898;8,409
08.12.2024 06:00;10,37854;8,507
08.12.2024 07:00;6,71854;5,507
08.12.2024 08:00;6,1122;5,01
08.12.2024 09:00;11,3826;9,33
08.12.2024 10:00;13,46392;11,036
08.12.2024 11:00;13,60544;11,152
08.12.2024 12:00;14,42528;11,824
08.12.2024 13:00;13,4444;11,02
08.12.2024 14:00;10,37366;8,503
08.12.2024 15:00;10,3883;8,515
08.12.2024 16:00;11,38138;9,329
08.12.2024 17:00;11,38138;9,329
08.12.2024 18:00;15,88806;13,023
08.12.2024 19:00;16,04544;13,152
08.12.2024 20:00;11,38138;9,329
08.12.2024 21:00;8,58758;7,039
08.12.2024 22:00;10,30412;8,446
08.12.2024 23:00;6,71976;5,508
09.12.2024 00:00;6,68072;5,476
09.12.2024 01:00;8,76326;7,183
09.12.2024 02:00;6,87714;5,637
09.12.2024 03:00;4,29806;3,523
09.12.2024 04:00;4,27122;3,501
09.12.2024 05:00;5,00688;4,104
09.12.2024 06:00;9,38668;7,694
09.12.2024 07:00;13,77258;11,289
09.12.2024 08:00;13,52004;11,082
09.12.2024 09:00;19,9409;16,345
09.12.2024 10:00;24,39878;19,999
09.12.2024 11:00;29,27878;23,999
09.12.2024 12:00;22,81522;18,701
09.12.2024 13:00;17,0007;13,935
09.12.2024 14:00;16,7201;13,705
09.12.2024 15:00;16,36996;13,418
09.12.2024 16:00;15,0975;12,375
09.12.2024 17:00;14,9694;12,27
09.12.2024 18:00;14,47896;11,868
09.12.2024 19:00;14,09466;11,553
09.12.2024 20:00;13,42854;11,007
09.12.2024 21:00;12,82342;10,511
09.12.2024 22:00;11,24596;9,218
09.12.2024 23:00;10,2602;8,41
10.12.2024 00:00;9,19026;7,533
10.12.2024 01:00;11,58146;9,493
10.12.2024 02:00;11,17032;9,156
10.12.2024 03:00;10,84214;8,887
10.12.2024 04:00;10,4798;8,59
10.12.2024 05:00;11,44482;9,381
10.12.2024 06:00;12,99788;10,654
10.12.2024 07:00;15,45618;12,669
10.12.2024 08:00;16,77134;13,747
10.12.2024 09:00;21,40978;17,549
10.12.2024 10:00;22,5029;18,445
10.12.2024 11:00;22,8933;18,765
10.12.2024 12:00;23,08728;18,924
10.12.2024 13:00;22,36626;18,333
10.12.2024 14:00;23,77536;19,488
10.12.2024 15:00;23,38252;19,166
10.12.2024 16:00;24,32802;19,941
10.12.2024 17:00;24,36706;19,973
10.12.2024 18:00;24,40122;20,001
10.12.2024 19:00;22,03198;18,059
10.12.2024 20:00;21,6611;17,755
10.12.2024 21:00;19,99946;16,393
10.12.2024 22:00;18,14018;14,869
10.12.2024 23:00;10,44076;8,558
11.12.2024 00:00;9,22198;7,559
11.12.2024 01:00;10,0894;8,27
11.12.2024 02:00;10,08818;8,269
11.12.2024 03:00;9,75756;7,998
11.12.2024 04:00;7,62378;6,249
11.12.2024 05:00;9,75268;7,994
11.12.2024 06:00;8,50096;6,968
11.12.2024 07:00;16,0064;13,12
11.12.2024 08:00;27,04984;22,172
11.12.2024 09:00;44,2006;36,23
11.12.2024 10:00;45,28884;37,122
11.12.2024 11:00;42,04242;34,461
11.12.2024 12:00;28,66024;23,492
11.12.2024 13:00;36,60732;30,006
11.12.2024 14:00;36,60366;30,003
11.12.2024 15:00;44,7557;36,685
11.12.2024 16:00;45,82198;37,559
11.12.2024 17:00;52,66374;43,167
11.12.2024 18:00;47,91306;39,273
11.12.2024 19:00;35,38;29
11.12.2024 20:00;32,47152;26,616
11.12.2024 21:00;14,19226;11,633
11.12.2024 22:00;17,80834;14,597
11.12.2024 23:00;16,2199;13,295
12.12.2024 00:00;14,823;12,15
12.12.2024 01:00;13,79698;11,309
12.12.2024 02:00;12,86856;10,548
12.12.2024 03:00;12,4074;10,17
12.12.2024 04:00;12,19512;9,996
12.12.2024 05:00;13,52492;11,086
12.12.2024 06:00;14,86082;12,181
12.12.2024 07:00;21,15602;17,341
12.12.2024 08:00;66,12766;54,203
12.12.2024 09:00;58,93454;48,307
12.12.2024 10:00;23,5277;19,285
12.12.2024 11:00;10,37854;8,507
12.12.2024 12:00;10,248;8,4
12.12.2024 13:00;10,37854;8,507
12.12.2024 14:00;10,39318;8,519
12.12.2024 15:00;23,66434;19,397
12.12.2024 16:00;23,24344;19,052
12.12.2024 17:00;24,40488;20,004
12.12.2024 18:00;13,9568;11,44
12.12.2024 19:00;10,39196;8,518
12.12.2024 20:00;10,248;8,4
12.12.2024 21:00;10,248;8,4
12.12.2024 22:00;17,8791;14,655
12.12.2024 23:00;16,22112;13,296
13.12.2024 00:00;12,01578;9,849
13.12.2024 01:00;10,28338;8,429
13.12.2024 02:00;10,28338;8,429
13.12.2024 03:00;10,2846;8,43
13.12.2024 04:00;10,2846;8,43
13.12.2024 05:00;12,1939;9,995
13.12.2024 06:00;14,64244;12,002
13.12.2024 07:00;23,17878;18,999
13.12.2024 08:00;30,25844;24,802
13.12.2024 09:00;36,6;30
13.12.2024 10:00;33,33406;27,323
13.12.2024 11:00;25,23082;20,681
13.12.2024 12:00;24,40122;20,001
13.12.2024 13:00;20,06412;16,446
13.12.2024 14:00;19,93846;16,343
13.12.2024 15:00;19,96774;16,367
13.12.2024 16:00;27,33288;22,404
13.12.2024 17:00;24,40732;20,006
13.12.2024 18:00;15,05602;12,341
13.12.2024 19:00;14,34842;11,761
13.12.2024 20:00;10,2846;8,43
13.12.2024 21:00;10,28338;8,429
13.12.2024 22:00;6,46844;5,302
13.12.2024 23:00;6,15612;5,046
14.12.2024 00:00;3,81372;3,126
14.12.2024 01:00;4,83974;3,967
14.12.2024 02:00;3,76614;3,087
14.12.2024 03:00;3,37086;2,763
14.12.2024 04:00;3,09148;2,534
14.12.2024 05:00;3,05854;2,507
14.12.2024 06:00;3,05122;2,501
14.12.2024 07:00;6,10732;5,006
14.12.2024 08:00;3,66976;3,008
14.12.2024 09:00;10,37122;8,501
14.12.2024 10:00;11,5046;9,43
14.12.2024 11:00;10,3883;8,515
14.12.2024 12:00;10,0894;8,27
14.12.2024 13:00;10,38098;8,509
14.12.2024 14:00;12,5233;10,265
14.12.2024 15:00;4,32612;3,546
14.12.2024 16:00;10,39196;8,518
14.12.2024 17:00;5,49;4,5
14.12.2024 18:00;12,73314;10,437
14.12.2024 19:00;3,0561;2,505
14.12.2024 20:00;0,8357;0,685
14.12.2024 21:00;1,21756;0,998
14.12.2024 22:00;1,22244;1,002
14.12.2024 23:00;0,80398;0,659
15.12.2024 00:00;0,7076;0,58
15.12.2024 01:00;0,58316;0,478
15.12.2024 02:00;0,74542;0,611
15.12.2024 03:00;0,7808;0,64
15.12.2024 04:00;1,01016;0,828
15.12.2024 05:00;1,08214;0,887
15.12.2024 06:00;1,68238;1,379
15.12.2024 07:00;2,95484;2,422
15.12.2024 08:00;3,49774;2,867
15.12.2024 09:00;4,06504;3,332
15.12.2024 10:00;4,50912;3,696
15.12.2024 11:00;6,47332;5,306
15.12.2024 12:00;8,6925;7,125
15.12.2024 13:00;10,00278;8,199
15.12.2024 14:00;9,19758;7,539
15.12.2024 15:00;8,92308;7,314
15.12.2024 16:00;9,53552;7,816
15.12.2024 17:00;10,10038;8,279
15.12.2024 18:00;9,51966;7,803
15.12.2024 19:00;10,39196;8,518
15.12.2024 20:00;11,3521;9,305
15.12.2024 21:00;8,0581;6,605
15.12.2024 22:00;4,18338;3,429
15.12.2024 23:00;0,8052;0,66
16.12.2024 00:00;0,27938;0,229
16.12.2024 01:00;0,01098;0,009
16.12.2024 02:00;0,00854;0,007
16.12.2024 03:00;0,00122;0,001
16.12.2024 04:00;0,00366;0,003
16.12.2024 05:00;0,00122;0,001
16.12.2024 06:00;0,26596;0,218
16.12.2024 07:00;0,87474;0,717
16.12.2024 08:00;10,26508;8,414
16.12.2024 09:00;12,2061;10,005
16.12.2024 10:00;5,69374;4,667
16.12.2024 11:00;4,8434;3,97
16.12.2024 12:00;7,0089;5,745
16.12.2024 13:00;6,71732;5,506
16.12.2024 14:00;6,49406;5,323
16.12.2024 15:00;7,31756;5,998
16.12.2024 16:00;8,87916;7,278
16.12.2024 17:00;8,41678;6,899
16.12.2024 18:00;7,68722;6,301
16.12.2024 19:00;7,26266;5,953
16.12.2024 20:00;6,8198;5,59
16.12.2024 21:00;4,77264;3,912
16.12.2024 22:00;3,03536;2,488
16.12.2024 23:00;1,03578;0,849
17.12.2024 00:00;0,63318;0,519
17.12.2024 01:00;0,55266;0,453
17.12.2024 02:00;0,38064;0,312
17.12.2024 03:00;0,38552;0,316
17.12.2024 04:00;0,4636;0,38
17.12.2024 05:00;0,5673;0,465
17.12.2024 06:00;3,89302;3,191
17.12.2024 07:00;8,29722;6,801
17.12.2024 08:00;10,89338;8,929
17.12.2024 09:00;13,08938;10,729
17.12.2024 10:00;14,00316;11,478
17.12.2024 11:00;12,81366;10,503
17.12.2024 12:00;12,2;10
17.12.2024 13:00;16,165;13,25
17.12.2024 14:00;16,5127;13,535
17.12.2024 15:00;22,57366;18,503
17.12.2024 16:00;24,65376;20,208
17.12.2024 17:00;23,17878;18,999
17.12.2024 18:00;22,57244;18,502
17.12.2024 19:00;24,82456;20,348
17.12.2024 20:00;23,22148;19,034
17.12.2024 21:00;12,9381;10,605
17.12.2024 22:00;12,81854;10,507
17.12.2024 23:00;9,89664;8,112
18.12.2024 00:00;8,14838;6,679
18.12.2024 01:00;9,24638;7,579
18.12.2024 02:00;8,2594;6,77
18.12.2024 03:00;8,45338;6,929
18.12.2024 04:00;9,51722;7,801
18.12.2024 05:00;11,0654;9,07
18.12.2024 06:00;28,06;23
18.12.2024 07:00;42,0778;34,49
18.12.2024 08:00;60,26434;49,397
18.12.2024 09:00;56,81052;46,566
18.12.2024 10:00;35,37878;28,999
18.12.2024 11:00;30,49512;24,996
18.12.2024 12:00;24,40122;20,001
18.12.2024 13:00;19,74692;16,186
18.12.2024 14:00;13,02838;10,679
18.12.2024 15:00;12,7246;10,43
18.12.2024 16:00;12,8161;10,505
18.12.2024 17:00;11,05564;9,062
18.12.2024 18:00;4,51522;3,701
18.12.2024 19:00;4,20046;3,443
18.12.2024 20:00;9,32446;7,643
18.12.2024 21:00;3,45382;2,831
18.12.2024 22:00;0,90402;0,741
18.12.2024 23:00;0,70028;0,574
19.12.2024 00:00;0,27572;0,226
19.12.2024 01:00;0,23668;0,194
19.12.2024 02:00;0,19398;0,159
19.12.2024 03:00;0,33062;0,271
19.12.2024 04:00;0,21716;0,178
19.12.2024 05:00;0,11102;0,091
19.12.2024 06:00;0,39528;0,324
19.12.2024 07:00;1,0126;0,83
19.12.2024 08:00;9,53186;7,813
19.12.2024 09:00;9,638;7,9
19.12.2024 10:00;8,83646;7,243
19.12.2024 11:00;6,3867;5,235
19.12.2024 12:00;4,59452;3,766
19.12.2024 13:00;4,82022;3,951
19.12.2024 14:00;4,27488;3,504
19.12.2024 15:00;4,087;3,35
19.12.2024 16:00;4,98614;4,087
19.12.2024 17:00;9,63922;7,901
19.12.2024 18:00;9,64044;7,902
19.12.2024 19:00;4,82022;3,951
19.12.2024 20:00;3,05244;2,502
19.12.2024 21:00;2,70718;2,219
19.12.2024 22:00;2,60226;2,133
19.12.2024 23:00;2,40706;1,973
20.12.2024 00:00;2,24846;1,843
20.12.2024 01:00;2,05326;1,683
20.12.2024 02:00;1,91906;1,573
20.12.2024 03:00;1,6409;1,345
20.12.2024 04:00;1,24684;1,022
20.12.2024 05:00;1,34078;1,099
20.12.2024 06:00;4,02722;3,301
20.12.2024 07:00;7,0028;5,74
20.12.2024 08:00;9,03776;7,408
20.12.2024 09:00;9,03532;7,406
20.12.2024 10:00;9,03044;7,402
20.12.2024 11:00;4,9532;4,06
20.12.2024 12:00;5,063;4,15
20.12.2024 13:00;6,70878;5,499
20.12.2024 14:00;4,29806;3,523
20.12.2024 15:00;9,78928;8,024
20.12.2024 16:00;10,37122;8,501
20.12.2024 17:00;9,028;7,4
20.12.2024 18:00;4,9166;4,03
20.12.2024 19:00;9,02922;7,401
20.12.2024 20:00;4,56402;3,741
20.12.2024 21:00;4,31392;3,536
20.12.2024 22:00;4,026;3,3
20.12.2024 23:00;3,5868;2,94
21.12.2024 00:00;2,45098;2,009
21.12.2024 01:00;4,47618;3,669
21.12.2024 02:00;3,172;2,6
21.12.2024 03:00;2,55224;2,092
21.12.2024 04:00;1,9093;1,565
21.12.2024 05:00;2,20942;1,811
21.12.2024 06:00;3,172;2,6
21.12.2024 07:00;2,50588;2,054
21.12.2024 08:00;4,62136;3,788
21.12.2024 09:00;6,71122;5,501
21.12.2024 10:00;7,31634;5,997
21.12.2024 11:00;5,50464;4,512
21.12.2024 12:00;4,98858;4,089
21.12.2024 13:00;4,8495;3,975
21.12.2024 14:00;4,87268;3,994
21.12.2024 15:00;5,86332;4,806
21.12.2024 16:00;7,31268;5,994
21.12.2024 17:00;8,54;7
21.12.2024 18:00;8,54244;7,002
21.12.2024 19:00;8,54244;7,002
21.12.2024 20:00;7,28462;5,971
21.12.2024 21:00;5,85966;4,803
21.12.2024 22:00;6,3074;5,17
21.12.2024 23:00;5,0264;4,12
22.12.2024 00:00;2,806;2,3
22.12.2024 01:00;0,35746;0,293
22.12.2024 02:00;0,31964;0,262
22.12.2024 03:00;0,20496;0,168
22.12.2024 04:00;0,25254;0,207
22.12.2024 05:00;0,30012;0,246
22.12.2024 06:00;0,37088;0,304
22.12.2024 07:00;0,4697;0,385
22.12.2024 08:00;0,5734;0,47
22.12.2024 09:00;0,83814;0,687
22.12.2024 10:00;2,03618;1,669
22.12.2024 11:00;2,06912;1,696
22.12.2024 12:00;2,49978;2,049
22.12.2024 13:00;2,49246;2,043
22.12.2024 14:00;2,50466;2,053
22.12.2024 15:00;3,37208;2,764
22.12.2024 16:00;4,79216;3,928
22.12.2024 17:00;5,76572;4,726
22.12.2024 18:00;6,70878;5,499
22.12.2024 19:00;6,67706;5,473
22.12.2024 20:00;5,87186;4,813
22.12.2024 21:00;5,27162;4,321
22.12.2024 22:00;4,65796;3,818
22.12.2024 23:00;4,4469;3,645
23.12.2024 00:00;2,95484;2,422
23.12.2024 01:00;3,47578;2,849
23.12.2024 02:00;2,89872;2,376
23.12.2024 03:00;1,84342;1,511
23.12.2024 04:00;1,31394;1,077
23.12.2024 05:00;2,82186;2,313
23.12.2024 06:00;9,71608;7,964
23.12.2024 07:00;14,03244;11,502
23.12.2024 08:00;15,49034;12,697
23.12.2024 09:00;16,57248;13,584
23.12.2024 10:00;18,17434;14,897
23.12.2024 11:00;14,43992;11,836
23.12.2024 12:00;14,62658;11,989
23.12.2024 13:00;15,83682;12,981
23.12.2024 14:00;17,12148;14,034
23.12.2024 15:00;19,12228;15,674
23.12.2024 16:00;22,57366;18,503
23.12.2024 17:00;16,5859;13,595
23.12.2024 18:00;14,03732;11,506
23.12.2024 19:00;16,80306;13,773
23.12.2024 20:00;17,97426;14,733
23.12.2024 21:00;16,76158;13,739
23.12.2024 22:00;13,21992;10,836
23.12.2024 23:00;9,028;7,4
24.12.2024 00:00;6,99548;5,734
24.12.2024 01:00;5,17158;4,239
24.12.2024 02:00;5,01664;4,112
24.12.2024 03:00;4,88976;4,008
24.12.2024 04:00;4,05406;3,323
24.12.2024 05:00;4,00038;3,279
24.12.2024 06:00;6,039;4,95
24.12.2024 07:00;8,44728;6,924
24.12.2024 08:00;10,23458;8,389
24.12.2024 09:00;14,04098;11,509
24.12.2024 10:00;13,99096;11,468
24.12.2024 11:00;10,23458;8,389
24.12.2024 12:00;10,98488;9,004
24.12.2024 13:00;10,98854;9,007
24.12.2024 14:00;10,99098;9,009
24.12.2024 15:00;14,39356;11,798
24.12.2024 16:00;14,579;11,95
24.12.2024 17:00;12,21098;10,009
24.12.2024 18:00;14,396;11,8
24.12.2024 19:00;13,53956;11,098
24.12.2024 20:00;9,7722;8,01
24.12.2024 21:00;10,23458;8,389
24.12.2024 22:00;0,80398;0,659
24.12.2024 23:00;0,70882;0,581
25.12.2024 00:00;0,8052;0,66
25.12.2024 01:00;3,05732;2,506
25.12.2024 02:00;3,05122;2,501
25.12.2024 03:00;0,70638;0,579
25.12.2024 04:00;0,70516;0,578
25.12.2024 05:00;0,70516;0,578
25.12.2024 06:00;0,2928;0,24
25.12.2024 07:00;0,6527;0,535
25.12.2024 08:00;1,47498;1,209
25.12.2024 09:00;1,24806;1,023
25.12.2024 10:00;1,5616;1,28
25.12.2024 11:00;1,73484;1,422
25.12.2024 12:00;1,77632;1,456
25.12.2024 13:00;1,77266;1,453
25.12.2024 14:00;1,7263;1,415
25.12.2024 15:00;1,65066;1,353
25.12.2024 16:00;1,76778;1,449
25.12.2024 17:00;1,9154;1,57
25.12.2024 18:00;1,92638;1,579
25.12.2024 19:00;1,98616;1,628
25.12.2024 20:00;1,74094;1,427
25.12.2024 21:00;1,7934;1,47
25.12.2024 22:00;1,08702;0,891
25.12.2024 23:00;0,56974;0,467
26.12.2024 00:00;0,49898;0,409
26.12.2024 01:00;0,30988;0,254
26.12.2024 02:00;0,2562;0,21
26.12.2024 03:00;0,183;0,15
26.12.2024 04:00;0,0244;0,02
26.12.2024 05:00;0,00122;0,001
26.12.2024 06:00;0,366;0,3
26.12.2024 07:00;0,37454;0,307
26.12.2024 08:00;0,6466;0,53
26.12.2024 09:00;0,6954;0,57
26.12.2024 10:00;0,70638;0,579
26.12.2024 11:00;0,7076;0,58
26.12.2024 12:00;0,75518;0,619
26.12.2024 13:00;0,70638;0,579
26.12.2024 14:00;2,76452;2,266
26.12.2024 15:00;3,29034;2,697
26.12.2024 16:00;10,39074;8,517
26.12.2024 17:00;9,76854;8,007
26.12.2024 18:00;10,39074;8,517
26.12.2024 19:00;9,76488;8,004
26.12.2024 20:00;9,76366;8,003
26.12.2024 21:00;9,76854;8,007
26.12.2024 22:00;12,19024;9,992
26.12.2024 23:00;3,08294;2,527
27.12.2024 00:00;10,38464;8,512
27.12.2024 01:00;13,02838;10,679
27.12.2024 02:00;12,38544;10,152
27.12.2024 03:00;12,32566;10,103
27.12.2024 04:00;12,16828;9,974
27.12.2024 05:00;12,14876;9,958
27.12.2024 06:00;12,9564;10,62
27.12.2024 07:00;15,7258;12,89
27.12.2024 08:00;24,83432;20,356
27.12.2024 09:00;27,15354;22,257
27.12.2024 10:00;20,27152;16,616
27.12.2024 11:00;16,33946;13,393
27.12.2024 12:00;13,16868;10,794
27.12.2024 13:00;14,07514;11,537
27.12.2024 14:00;13,16868;10,794
27.12.2024 15:00;21,54398;17,659
27.12.2024 16:00;26,84;22
27.12.2024 17:00;26,84732;22,006
27.12.2024 18:00;23,19708;19,014
27.12.2024 19:00;19,3248;15,84
27.12.2024 20:00;17,86446;14,643
27.12.2024 21:00;16,24308;13,314
27.12.2024 22:00;15,30124;12,542
27.12.2024 23:00;15,46472;12,676
28.12.2024 00:00;13,908;11,4
28.12.2024 01:00;15,4208;12,64
28.12.2024 02:00;14,22886;11,663
28.12.2024 03:00;13,4383;11,015
28.12.2024 04:00;12,92224;10,592
28.12.2024 05:00;12,55746;10,293
28.12.2024 06:00;19,2394;15,77
28.12.2024 07:00;13,38462;10,971
28.12.2024 08:00;15,15728;12,424
28.12.2024 09:00;15,616;12,8
28.12.2024 10:00;16,98484;13,922
28.12.2024 11:00;14,98526;12,283
28.12.2024 12:00;15,7319;12,895
28.12.2024 13:00;15,72702;12,891
28.12.2024 14:00;16,47854;13,507
28.12.2024 15:00;15,12556;12,398
28.12.2024 16:00;16,89578;13,849
28.12.2024 17:00;17,20322;14,101
28.12.2024 18:00;18,09748;14,834
28.12.2024 19:00;17,7693;14,565
28.12.2024 20:00;16,86162;13,821
28.12.2024 21:00;15,5428;12,74
28.12.2024 22:00;15,3598;12,59
28.12.2024 23:00;14,7925;12,125
29.12.2024 00:00;10,3456;8,48
29.12.2024 01:00;7,44932;6,106
29.12.2024 02:00;3,05488;2,504
29.12.2024 03:00;0,80398;0,659
29.12.2024 04:00;10,37366;8,503
29.12.2024 05:00;6,8564;5,62
29.12.2024 06:00;10,39196;8,518
29.12.2024 07:00;10,5286;8,63
29.12.2024 08:00;10,38952;8,516
29.12.2024 09:00;6,2098;5,09
29.12.2024 10:00;10,38952;8,516
29.12.2024 11:00;4,50302;3,691
29.12.2024 12:00;10,52738;8,629
29.12.2024 13:00;4,96784;4,072
29.12.2024 14:00;10,3761;8,505
29.12.2024 15:00;10,5286;8,63
29.12.2024 16:00;10,38952;8,516
29.12.2024 17:00;10,38464;8,512
29.12.2024 18:00;12,19024;9,992
29.12.2024 19:00;11,3887;9,335
29.12.2024 20:00;3,06098;2,509
29.12.2024 21:00;5,4961;4,505
29.12.2024 22:00;4,96906;4,073
29.12.2024 23:00;0,7076;0,58
30.12.2024 00:00;0,69418;0,569
30.12.2024 01:00;0,19276;0,158
30.12.2024 02:00;0,01098;0,009
30.12.2024 03:00;0;0
30.12.2024 04:00;0;0
30.12.2024 05:00;0,0122;0,01
30.12.2024 06:00;0,70394;0,577
30.12.2024 07:00;0,69418;0,569
30.12.2024 08:00;3,05854;2,507
30.12.2024 09:00;5,49122;4,501
30.12.2024 10:00;5,49122;4,501
30.12.2024 11:00;4,71652;3,866
30.12.2024 12:00;4,72262;3,871
30.12.2024 13:00;4,46642;3,661
30.12.2024 14:00;4,24804;3,482
30.12.2024 15:00;4,453;3,65
30.12.2024 16:00;11,96942;9,811
30.12.2024 17:00;12,28784;10,072
30.12.2024 18:00;11,73884;9,622
30.12.2024 19:00;9,5587;7,835
30.12.2024 20:00;10,5347;8,635
30.12.2024 21:00;9,30738;7,629
30.12.2024 22:00;3,83202;3,141
30.12.2024 23:00;3,59778;2,949
31.12.2024 00:00;0,26962;0,221
31.12.2024 01:00;0,11956;0,098
31.12.2024 02:00;0,11956;0,098
31.12.2024 03:00;0,07808;0,064
31.12.2024 04:00;0,1769;0,145
31.12.2024 05:00;0,21228;0,174
31.12.2024 06:00;0,70394;0,577
31.12.2024 07:00;3,5563;2,915
31.12.2024 08:00;9,32568;7,644
31.12.2024 09:00;10,37122;8,501
31.12.2024 10:00;9,49038;7,779
31.12.2024 11:00;8,53878;6,999
31.12.2024 12:00;7,56278;6,199
31.12.2024 13:00;4,76166;3,903
31.12.2024 14:00;4,53962;3,721
31.12.2024 15:00;11,71322;9,601
31.12.2024 16:00;12,8588;10,54
31.12.2024 17:00;13,79576;11,308
31.12.2024 18:00;11,6022;9,51
31.12.2024 19:00;10,84458;8,889
31.12.2024 20:00;9,13414;7,487
31.12.2024 21:00;6,60996;5,418
31.12.2024 22:00;3,05976;2,508
31.12.2024 23:00;0,96868;0,794
01.01.2025 00:00;0,48922;0,401
01.01.2025 01:00;0,5917;0,485
01.01.2025 02:00;0,4819;0,395
01.01.2025 03:00;0,4636;0,38
01.01.2025 04:00;0,42212;0,346
01.01.2025 05:00;0,41968;0,344
01.01.2025 06:00;0,47336;0,388
01.01.2025 07:00;2,54736;2,088
01.01.2025 08:00;4,45788;3,654
01.01.2025 09:00;5,09838;4,179
01.01.2025 10:00;6,344;5,2
01.01.2025 11:00;9,15;7,5
01.01.2025 12:00;9,75878;7,999
01.01.2025 13:00;9,39644;7,702
01.01.2025 14:00;9,76;8
01.01.2025 15:00;10,39074;8,517
01.01.2025 16:00;11,36918;9,319
01.01.2025 17:00;12,40984;10,172
01.01.2025 18:00;12,18658;9,989
01.01.2025 19:00;12,40862;10,171
01.01.2025 20:00;11,27646;9,243
01.01.2025 21:00;10,97878;8,999
01.01.2025 22:00;12,95884;10,622
01.01.2025 23:00;12,95884;10,622
02.01.2025 00:00;11,0532;9,06
02.01.2025 01:00;6,26104;5,132
02.01.2025 02:00;5,12522;4,201
02.01.2025 03:00;4,96906;4,073
02.01.2025 04:00;4,51766;3,703
02.01.2025 05:00;5,23502;4,291
02.01.2025 06:00;9,1378;7,49
02.01.2025 07:00;10,09672;8,276
02.01.2025 08:00;11,58146;9,493
02.01.2025 09:00;15,11458;12,389
02.01.2025 10:00;15,3354;12,57
02.01.2025 11:00;15,04382;12,331
02.01.2025 12:00;13,47734;11,047
02.01.2025 13:00;12,36958;10,139
02.01.2025 14:00;13,17844;10,802
02.01.2025 15:00;13,8531;11,355
02.01.2025 16:00;15,87342;13,011
02.01.2025 17:00;16,64446;13,643
02.01.2025 18:00;18,54278;15,199
02.01.2025 19:00;18,6172;15,26
02.01.2025 20:00;16,96532;13,906
02.01.2025 21:00;15,70628;12,874
02.01.2025 22:00;12,31102;10,091
02.01.2025 23:00;12,35494;10,127
03.01.2025 00:00;7,08454;5,807
03.01.2025 01:00;5,8316;4,78
03.01.2025 02:00;6,18052;5,066
03.01.2025 03:00;4,56524;3,742
03.01.2025 04:00;4,07846;3,343
03.01.2025 05:00;4,87024;3,992
03.01.2025 06:00;8,296;6,8
03.01.2025 07:00;11,89866;9,753
03.01.2025 08:00;15,11458;12,389
03.01.2025 09:00;15,35004;12,582
03.01.2025 10:00;15,49766;12,703
03.01.2025 11:00;12,2;10
03.01.2025 12:00;12,92468;10,594
03.01.2025 13:00;10,87996;8,918
03.01.2025 14:00;11,34478;9,299
03.01.2025 15:00;11,47044;9,402
03.01.2025 16:00;12,32566;10,103
03.01.2025 17:00;15,11458;12,389
03.01.2025 18:00;14,62902;11,991
03.01.2025 19:00;14,6278;11,99
03.01.2025 20:00;13,22968;10,844
03.01.2025 21:00;10,75918;8,819
03.01.2025 22:00;11,1264;9,12
03.01.2025 23:00;11,12518;9,119
04.01.2025 00:00;9,40132;7,706
04.01.2025 01:00;6,32082;5,181
04.01.2025 02:00;5,93408;4,864
04.01.2025 03:00;5,9109;4,845
04.01.2025 04:00;6,71122;5,501
04.01.2025 05:00;5,85234;4,797
04.01.2025 06:00;7,137;5,85
04.01.2025 07:00;7,27974;5,967
04.01.2025 08:00;10,39074;8,517
04.01.2025 09:00;12,3342;10,11
04.01.2025 10:00;13,03326;10,683
04.01.2025 11:00;13,1089;10,745
04.01.2025 12:00;12,99056;10,648
04.01.2025 13:00;12,7124;10,42
04.01.2025 14:00;9,62092;7,886
04.01.2025 15:00;13,88238;11,379
04.01.2025 16:00;16,88358;13,839
04.01.2025 17:00;17,69732;14,506
04.01.2025 18:00;18,1475;14,875
04.01.2025 19:00;17,32034;14,197
04.01.2025 20:00;16,47732;13,506
04.01.2025 21:00;14,53142;11,911
04.01.2025 22:00;14,08002;11,541
04.01.2025 23:00;9,41962;7,721
05.01.2025 00:00;7,8568;6,44
05.01.2025 01:00;6,93082;5,681
05.01.2025 02:00;7,02598;5,759
05.01.2025 03:00;7,14676;5,858
05.01.2025 04:00;7,39198;6,059
05.01.2025 05:00;8,48632;6,956
05.01.2025 06:00;10,34804;8,482
05.01.2025 07:00;10,45296;8,568
05.01.2025 08:00;10,42002;8,541
05.01.2025 09:00;10,8946;8,93
05.01.2025 10:00;12,05604;9,882
05.01.2025 11:00;12,93444;10,602
05.01.2025 12:00;12,19634;9,997
05.01.2025 13:00;11,407;9,35
05.01.2025 14:00;12,14388;9,954
05.01.2025 15:00;14,52166;11,903
05.01.2025 16:00;14,52898;11,909
05.01.2025 17:00;17,69122;14,501
05.01.2025 18:00;17,08122;14,001
05.01.2025 19:00;14,52776;11,908
05.01.2025 20:00;14,52044;11,902
05.01.2025 21:00;11,407;9,35
05.01.2025 22:00;10,4249;8,545
05.01.2025 23:00;8,78156;7,198
06.01.2025 00:00;6,02802;4,941
06.01.2025 01:00;6,71122;5,501
06.01.2025 02:00;5,39118;4,419
06.01.2025 03:00;4,87878;3,999
06.01.2025 04:00;5,4839;4,495
06.01.2025 05:00;6,71;5,5
06.01.2025 06:00;9,15122;7,501
06.01.2025 07:00;10,74698;8,809
06.01.2025 08:00;12,59406;10,323
06.01.2025 09:00;11,93526;9,783
06.01.2025 10:00;12,19268;9,994
06.01.2025 11:00;14,63878;11,999
06.01.2025 12:00;11,407;9,35
06.01.2025 13:00;11,407;9,35
06.01.2025 14:00;11,40578;9,349
06.01.2025 15:00;12,93444;10,602
06.01.2025 16:00;14,64;12
06.01.2025 17:00;12,93566;10,603
06.01.2025 18:00;12,93444;10,602
06.01.2025 19:00;12,93444;10,602
06.01.2025 20:00;11,40578;9,349
06.01.2025 21:00;8,723;7,15
06.01.2025 22:00;6,72708;5,514
06.01.2025 23:00;4,52254;3,707
07.01.2025 00:00;4,02966;3,303
07.01.2025 01:00;2,46318;2,019
07.01.2025 02:00;0,85034;0,697
07.01.2025 03:00;0,6954;0,57
07.01.2025 04:00;0,60512;0,496
07.01.2025 05:00;0,6527;0,535
07.01.2025 06:00;0,71004;0,582
07.01.2025 07:00;9,83564;8,062
07.01.2025 08:00;12,50866;10,253
07.01.2025 09:00;14,213;11,65
07.01.2025 10:00;14,57046;11,943
07.01.2025 11:00;12,43546;10,193
07.01.2025 12:00;11,93404;9,782
07.01.2025 13:00;12,00602;9,841
07.01.2025 14:00;13,6274;11,17
07.01.2025 15:00;13,83968;11,344
07.01.2025 16:00;14,70954;12,057
07.01.2025 17:00;14,7071;12,055
07.01.2025 18:00;13,39438;10,979
07.01.2025 19:00;11,9682;9,81
07.01.2025 20:00;12,91614;10,587
07.01.2025 21:00;11,40578;9,349
07.01.2025 22:00;10,11136;8,288
07.01.2025 23:00;9,66606;7,923
08.01.2025 00:00;6,12928;5,024
08.01.2025 01:00;8,76204;7,182
08.01.2025 02:00;8,02638;6,579
08.01.2025 03:00;6,82956;5,598
08.01.2025 04:00;6,47698;5,309
08.01.2025 05:00;6,52578;5,349
08.01.2025 06:00;9,65996;7,918
08.01.2025 07:00;12,76364;10,462
08.01.2025 08:00;18,3;15
08.01.2025 09:00;15,2622;12,51
08.01.2025 10:00;18,27682;14,981
08.01.2025 11:00;15,26098;12,509
08.01.2025 12:00;24,40122;20,001
08.01.2025 13:00;24,40122;20,001
08.01.2025 14:00;13,09548;10,734
08.01.2025 15:00;14,4631;11,855
08.01.2025 16:00;15,25976;12,508
08.01.2025 17:00;16,63348;13,634
08.01.2025 18:00;18,3976;15,08
08.01.2025 19:00;17,40696;14,268
08.01.2025 20:00;17,1898;14,09
08.01.2025 21:00;13,13818;10,769
08.01.2025 22:00;11,45702;9,391
08.01.2025 23:00;9,23784;7,572
09.01.2025 00:00;6,10366;5,003
09.01.2025 01:00;4,06992;3,336
09.01.2025 02:00;3,81494;3,127
09.01.2025 03:00;3,74662;3,071
09.01.2025 04:00;3,81738;3,129
09.01.2025 05:00;4,04186;3,313
09.01.2025 06:00;5,29602;4,341
09.01.2025 07:00;15,91368;13,044
09.01.2025 08:00;18,71114;15,337
09.01.2025 09:00;19,93846;16,343
09.01.2025 10:00;18,96734;15,547
09.01.2025 11:00;17,84738;14,629
09.01.2025 12:00;17,8547;14,635
09.01.2025 13:00;16,287;13,35
09.01.2025 14:00;15,55622;12,751
09.01.2025 15:00;18,65624;15,292
09.01.2025 16:00;16,43584;13,472
09.01.2025 17:00;18,07796;14,818
09.01.2025 18:00;16,86406;13,823
09.01.2025 19:00;17,25446;14,143
09.01.2025 20:00;15,92466;13,053
09.01.2025 21:00;14,75346;12,093
09.01.2025 22:00;12,50744;10,252
09.01.2025 23:00;12,1756;9,98
10.01.2025 00:00;8,48022;6,951
10.01.2025 01:00;9,73072;7,976
10.01.2025 02:00;9,72828;7,974
10.01.2025 03:00;6,7039;5,495
10.01.2025 04:00;6,21468;5,094
10.01.2025 05:00;8,07396;6,618
10.01.2025 06:00;9,16098;7,509
10.01.2025 07:00;12,34762;10,121
10.01.2025 08:00;15,32686;12,563
10.01.2025 09:00;17,2386;14,13
10.01.2025 10:00;16,7506;13,73
10.01.2025 11:00;15,22072;12,476
10.01.2025 12:00;14,0483;11,515
10.01.2025 13:00;23,09826;18,933
10.01.2025 14:00;12,81122;10,501
10.01.2025 15:00;13,42122;11,001
10.01.2025 16:00;15,33052;12,566
10.01.2025 17:00;15,91246;13,043
10.01.2025 18:00;16,86772;13,826
10.01.2025 19:00;16,5859;13,595
10.01.2025 20:00;11,71566;9,603
10.01.2025 21:00;6,72098;5,509
10.01.2025 22:00;5,71204;4,682
10.01.2025 23:00;4,93734;4,047
11.01.2025 00:00;4,06138;3,329
11.01.2025 01:00;3,42576;2,808
11.01.2025 02:00;2,68522;2,201
11.01.2025 03:00;2,14476;1,758
11.01.2025 04:00;1,92028;1,574
11.01.2025 05:00;2,46806;2,023
11.01.2025 06:00;3,08294;2,527
11.01.2025 07:00;3,63194;2,977
11.01.2025 08:00;4,32368;3,544
11.01.2025 09:00;12,82342;10,511
11.01.2025 10:00;12,72216;10,428
11.01.2025 11:00;12,51354;10,257
11.01.2025 12:00;12,15974;9,967
11.01.2025 13:00;11,80716;9,678
11.01.2025 14:00;11,3643;9,315
11.01.2025 15:00;11,80838;9,679
11.01.2025 16:00;12,7917;10,485
11.01.2025 17:00;13,43342;11,011
11.01.2025 18:00;14,01292;11,486
11.01.2025 19:00;13,96656;11,448
11.01.2025 20:00;13,89946;11,393
11.01.2025 21:00;13,11744;10,752
11.01.2025 22:00;12,83806;10,523
11.01.2025 23:00;12,29028;10,074
12.01.2025 00:00;10,38586;8,513
12.01.2025 01:00;10,38708;8,514
12.01.2025 02:00;10,40782;8,531
12.01.2025 03:00;10,18456;8,348
12.01.2025 04:00;5,99996;4,918
12.01.2025 05:00;4,18948;3,434
12.01.2025 06:00;4,89586;4,013
12.01.2025 07:00;4,392;3,6
12.01.2025 08:00;4,47252;3,666
12.01.2025 09:00;4,85926;3,983
12.01.2025 10:00;6,71;5,5
12.01.2025 11:00;8,59612;7,046
12.01.2025 12:00;9,8454;8,07
12.01.2025 13:00;8,78766;7,203
12.01.2025 14:00;8,296;6,8
12.01.2025 15:00;11,3338;9,29
12.01.2025 16:00;14,17884;11,622
12.01.2025 17:00;15,87464;13,012
12.01.2025 18:00;16,83966;13,803
12.01.2025 19:00;17,83518;14,619
12.01.2025 20:00;17,15076;14,058
12.01.2025 21:00;16,10156;13,198
12.01.2025 22:00;13,58714;11,137
12.01.2025 23:00;8,95968;7,344
13.01.2025 00:00;6,71122;5,501
13.01.2025 01:00;5,08618;4,169
13.01.2025 02:00;4,76532;3,906
13.01.2025 03:00;4,78606;3,923
13.01.2025 04:00;10,56398;8,659
13.01.2025 05:00;11,9682;9,81
13.01.2025 06:00;13,43708;11,014
13.01.2025 07:00;17,11538;14,029
13.01.2025 08:00;22,16008;18,164
13.01.2025 09:00;27,13524;22,242
13.01.2025 10:00;17,65706;14,473
13.01.2025 11:00;17,36182;14,231
13.01.2025 12:00;15,86244;13,002
13.01.2025 13:00;15,92832;13,056
13.01.2025 14:00;17,39964;14,262
13.01.2025 15:00;18,03282;14,781
13.01.2025 16:00;18,44884;15,122
13.01.2025 17:00;17,01778;13,949
13.01.2025 18:00;14,03244;11,502
13.01.2025 19:00;11,90598;9,759
13.01.2025 20:00;3,6844;3,02
13.01.2025 21:00;0,70638;0,579
13.01.2025 22:00;0,6466;0,53
13.01.2025 23:00;0,49288;0,404
14.01.2025 00:00;0,18544;0,152
14.01.2025 01:00;0,12566;0,103
14.01.2025 02:00;0,12444;0,102
14.01.2025 03:00;0,12444;0,102
14.01.2025 04:00;0,12566;0,103
14.01.2025 05:00;0,12322;0,101
14.01.2025 06:00;0,15372;0,126
14.01.2025 07:00;0,70638;0,579
14.01.2025 08:00;11,11298;9,109
14.01.2025 09:00;11,1142;9,11
14.01.2025 10:00;11,11298;9,109
14.01.2025 11:00;11,11298;9,109
14.01.2025 12:00;11,11298;9,109
14.01.2025 13:00;11,11298;9,109
14.01.2025 14:00;9,74902;7,991
14.01.2025 15:00;11,11298;9,109
14.01.2025 16:00;11,1142;9,11
14.01.2025 17:00;11,11298;9,109
14.01.2025 18:00;11,1142;9,11
14.01.2025 19:00;11,11298;9,109
14.01.2025 20:00;11,11298;9,109
14.01.2025 21:00;11,11298;9,109
14.01.2025 22:00;11,11298;9,109
14.01.2025 23:00;4,2761;3,505
15.01.2025 00:00;3,67098;3,009
15.01.2025 01:00;2,79258;2,289
15.01.2025 02:00;2,81576;2,308
15.01.2025 03:00;2,84992;2,336
15.01.2025 04:00;4,1846;3,43
15.01.2025 05:00;4,3554;3,57
15.01.2025 06:00;13,83724;11,342
15.01.2025 07:00;16,82136;13,788
15.01.2025 08:00;24,7111;20,255
15.01.2025 09:00;36,80252;30,166
15.01.2025 10:00;24,50126;20,083
15.01.2025 11:00;29,28366;24,003
15.01.2025 12:00;26,40934;21,647
15.01.2025 13:00;29,28366;24,003
15.01.2025 14:00;29,28366;24,003
15.01.2025 15:00;29,28732;24,006
15.01.2025 16:00;24,42928;20,024
15.01.2025 17:00;29,28488;24,004
15.01.2025 18:00;29,28122;24,001
15.01.2025 19:00;20,24712;16,596
15.01.2025 20:00;26,3459;21,595
15.01.2025 21:00;16,4822;13,51
15.01.2025 22:00;11,1874;9,17
15.01.2025 23:00;1,23098;1,009
16.01.2025 00:00;0,61;0,5
16.01.2025 01:00;14,09954;11,557
16.01.2025 02:00;4,70066;3,853
16.01.2025 03:00;0,70394;0,577
16.01.2025 04:00;0,18544;0,152
16.01.2025 05:00;0,60878;0,499
16.01.2025 06:00;4,88854;4,007
16.01.2025 07:00;14,4021;11,805
16.01.2025 08:00;16,6896;13,68
16.01.2025 09:00;16,4578;13,49
16.01.2025 10:00;12,19878;9,999
16.01.2025 11:00;5,94506;4,873
16.01.2025 12:00;5,80964;4,762
16.01.2025 13:00;10,38708;8,514
16.01.2025 14:00;12,8405;10,525
16.01.2025 15:00;12,56966;10,303
16.01.2025 16:00;19,154;15,7
16.01.2025 17:00;10,38952;8,516
16.01.2025 18:00;18,37198;15,059
16.01.2025 19:00;14,19836;11,638
16.01.2025 20:00;10,71892;8,786
16.01.2025 21:00;4,8434;3,97
16.01.2025 22:00;4,52376;3,708
16.01.2025 23:00;3,6661;3,005
17.01.2025 00:00;1,46278;1,199
17.01.2025 01:00;0,18056;0,148
17.01.2025 02:00;0,14396;0,118
17.01.2025 03:00;0,13298;0,109
17.01.2025 04:00;0,15128;0,124
17.01.2025 05:00;0,70516;0,578
17.01.2025 06:00;1,8422;1,51
17.01.2025 07:00;6,75758;5,539
17.01.2025 08:00;16,6896;13,68
17.01.2025 09:00;18,34636;15,038
17.01.2025 10:00;10,13332;8,306
17.01.2025 11:00;16,68838;13,679
17.01.2025 12:00;15,00478;12,299
17.01.2025 13:00;15,00478;12,299
17.01.2025 14:00;10,37854;8,507
17.01.2025 15:00;16,2565;13,325
17.01.2025 16:00;7,8812;6,46
17.01.2025 17:00;10,3578;8,49
17.01.2025 18:00;4,80436;3,938
17.01.2025 19:00;4,697;3,85
17.01.2025 20:00;3,07684;2,522
17.01.2025 21:00;0,38552;0,316
17.01.2025 22:00;0,17202;0,141
17.01.2025 23:00;0,12566;0,103
18.01.2025 00:00;0,01098;0,009
18.01.2025 01:00;0,12322;0,101
18.01.2025 02:00;0,01098;0,009
18.01.2025 03:00;0,01098;0,009
18.01.2025 04:00;0,0122;0,01
18.01.2025 05:00;0,12322;0,101
18.01.2025 06:00;0,48312;0,396
18.01.2025 07:00;4,50058;3,689
18.01.2025 08:00;5,28016;4,328
18.01.2025 09:00;5,4961;4,505
18.01.2025 10:00;5,64616;4,628
18.01.2025 11:00;5,81574;4,767
18.01.2025 12:00;5,8438;4,79
18.01.2025 13:00;5,67178;4,649
18.01.2025 14:00;5,5876;4,58
18.01.2025 15:00;5,62664;4,612
18.01.2025 16:00;5,7279;4,695
18.01.2025 17:00;9,75024;7,992
18.01.2025 18:00;10,39318;8,519
18.01.2025 19:00;11,81692;9,686
18.01.2025 20:00;10,73234;8,797
18.01.2025 21:00;8,8877;7,285
18.01.2025 22:00;4,83852;3,966
18.01.2025 23:00;4,71896;3,868
19.01.2025 00:00;4,38102;3,591
19.01.2025 01:00;3,51116;2,878
19.01.2025 02:00;3,33548;2,734
19.01.2025 03:00;3,05854;2,507
19.01.2025 04:00;3,50872;2,876
19.01.2025 05:00;3,0561;2,505
19.01.2025 06:00;3,55508;2,914
19.01.2025 07:00;3,86252;3,166
19.01.2025 08:00;4,70554;3,857
19.01.2025 09:00;6,91496;5,668
19.01.2025 10:00;10,39074;8,517
19.01.2025 11:00;5,49;4,5
19.01.2025 12:00;5,5266;4,53
19.01.2025 13:00;5,62054;4,607
19.01.2025 14:00;5,68154;4,657
19.01.2025 15:00;5,7889;4,745
19.01.2025 16:00;6,09878;4,999
19.01.2025 17:00;11,4985;9,425
19.01.2025 18:00;16,3175;13,375
19.01.2025 19:00;19,00882;15,581
19.01.2025 20:00;16,99826;13,933
19.01.2025 21:00;9,06216;7,428
19.01.2025 22:00;6,63924;5,442
19.01.2025 23:00;6,09268;4,994
20.01.2025 00:00;5,7584;4,72
20.01.2025 01:00;6,91496;5,668
20.01.2025 02:00;6,38426;5,233
20.01.2025 03:00;6,2037;5,085
20.01.2025 04:00;5,4046;4,43
20.01.2025 05:00;5,22038;4,279
20.01.2025 06:00;15,0975;12,375
20.01.2025 07:00;19,52244;16,002
20.01.2025 08:00;31,83956;26,098
20.01.2025 09:00;51,66212;42,346
20.01.2025 10:00;34,2576;28,08
20.01.2025 11:00;28,09904;23,032
20.01.2025 12:00;22,43946;18,393
20.01.2025 13:00;21,02182;17,231
20.01.2025 14:00;20,43256;16,748
20.01.2025 15:00;23,2105;19,025
20.01.2025 16:00;33,63052;27,566
20.01.2025 17:00;42,93302;35,191
20.01.2025 18:00;48,80854;40,007
20.01.2025 19:00;34,47842;28,261
20.01.2025 20:00;22,32234;18,297
20.01.2025 21:00;16,99582;13,931
20.01.2025 22:00;12,67702;10,391
20.01.2025 23:00;6,35864;5,212
21.01.2025 00:00;6,1122;5,01
21.01.2025 01:00;15,16582;12,431
21.01.2025 02:00;14,03732;11,506
21.01.2025 03:00;12,17072;9,976
21.01.2025 04:00;11,38138;9,329
21.01.2025 05:00;12,17438;9,979
21.01.2025 06:00;13,75184;11,272
21.01.2025 07:00;16,47976;13,508
21.01.2025 08:00;21,33414;17,487
21.01.2025 09:00;28,00388;22,954
21.01.2025 10:00;24,8514;20,37
21.01.2025 11:00;23,50208;19,264
21.01.2025 12:00;18,98076;15,558
21.01.2025 13:00;17,09586;14,013
21.01.2025 14:00;16,7628;13,74
21.01.2025 15:00;17,61802;14,441
21.01.2025 16:00;20,65826;16,933
21.01.2025 17:00;24,39756;19,998
21.01.2025 18:00;33,48168;27,444
21.01.2025 19:00;28,63828;23,474
21.01.2025 20:00;19,87502;16,291
21.01.2025 21:00;20,8071;17,055
21.01.2025 22:00;16,8238;13,79
21.01.2025 23:00;9,16098;7,509
22.01.2025 00:00;10,37;8,5
22.01.2025 01:00;11,5412;9,46
22.01.2025 02:00;11,4436;9,38
22.01.2025 03:00;11,4436;9,38
22.01.2025 04:00;11,4436;9,38
22.01.2025 05:00;15,04016;12,328
22.01.2025 06:00;11,4436;9,38
22.01.2025 07:00;18,63672;15,276
22.01.2025 08:00;24,3695;19,975
22.01.2025 09:00;27,8648;22,84
22.01.2025 10:00;24,32802;19,941
22.01.2025 11:00;21,84532;17,906
22.01.2025 12:00;21,09868;17,294
22.01.2025 13:00;20,13;16,5
22.01.2025 14:00;20,74;17
22.01.2025 15:00;21,95756;17,998
22.01.2025 16:00;23,7534;19,47
22.01.2025 17:00;23,57894;19,327
22.01.2025 18:00;24,75746;20,293
22.01.2025 19:00;21,37318;17,519
22.01.2025 20:00;19,79206;16,223
22.01.2025 21:00;15,85878;12,999
22.01.2025 22:00;15,10604;12,382
22.01.2025 23:00;12,63676;10,358
23.01.2025 00:00;11,71932;9,606
23.01.2025 01:00;13,66278;11,199
23.01.2025 02:00;13,06498;10,709
23.01.2025 03:00;10,39562;8,521
23.01.2025 04:00;12,62456;10,348
23.01.2025 05:00;9,75756;7,998
23.01.2025 06:00;12,9625;10,625
23.01.2025 07:00;15,86;13
23.01.2025 08:00;18,60378;15,249
23.01.2025 09:00;18,94172;15,526
23.01.2025 10:00;17,32278;14,199
23.01.2025 11:00;15,86;13
23.01.2025 12:00;13,36144;10,952
23.01.2025 13:00;11,9316;9,78
23.01.2025 14:00;14,9572;12,26
23.01.2025 15:00;13,63472;11,176
23.01.2025 16:00;13,77014;11,287
23.01.2025 17:00;14,28498;11,709
23.01.2025 18:00;14,26668;11,694
23.01.2025 19:00;11,9316;9,78
23.01.2025 20:00;8,56928;7,024
23.01.2025 21:00;6,78198;5,559
23.01.2025 22:00;4,92758;4,039
23.01.2025 23:00;3,29888;2,704
24.01.2025 00:00;3,172;2,6
24.01.2025 01:00;3,01462;2,471
24.01.2025 02:00;2,9646;2,43
24.01.2025 03:00;3,05;2,5
24.01.2025 04:00;3,66;3
24.01.2025 05:00;9,46232;7,756
24.01.2025 06:00;11,5839;9,495
24.01.2025 07:00;14,28132;11,706
24.01.2025 08:00;16,81038;13,779
24.01.2025 09:00;18,73798;15,359
24.01.2025 10:00;15,38054;12,607
24.01.2025 11:00;23,17878;18,999
24.01.2025 12:00;16,4761;13,505
24.01.2025 13:00;21,96976;18,008
24.01.2025 14:00;26,84366;22,003
24.01.2025 15:00;26,84366;22,003
24.01.2025 16:00;15,45618;12,669
24.01.2025 17:00;16,0125;13,125
24.01.2025 18:00;14,91938;12,229
24.01.2025 19:00;13,15648;10,784
24.01.2025 20:00;12,36348;10,134
24.01.2025 21:00;9,4916;7,78
24.01.2025 22:00;4,2761;3,505
24.01.2025 23:00;3,05976;2,508
25.01.2025 00:00;0,62098;0,509
25.01.2025 01:00;0,34892;0,286
25.01.2025 02:00;0,27572;0,226
25.01.2025 03:00;0,15372;0,126
25.01.2025 04:00;0,12322;0,101
25.01.2025 05:00;0,11834;0,097
25.01.2025 06:00;0,09028;0,074
25.01.2025 07:00;0,1525;0,125
25.01.2025 08:00;0,27084;0,222
25.01.2025 09:00;0,35502;0,291
25.01.2025 10:00;0,60878;0,499
25.01.2025 11:00;2,03008;1,664
25.01.2025 12:00;3,63316;2,978
25.01.2025 13:00;3,97964;3,262
25.01.2025 14:00;4,06382;3,331
25.01.2025 15:00;4,0382;3,31
25.01.2025 16:00;4,74946;3,893
25.01.2025 17:00;8,3326;6,83
25.01.2025 18:00;4,5933;3,765
25.01.2025 19:00;4,28464;3,512
25.01.2025 20:00;4,10774;3,367
25.01.2025 21:00;3,05976;2,508
25.01.2025 22:00;0,62098;0,509
25.01.2025 23:00;0,1708;0,14
26.01.2025 00:00;0,1281;0,105
26.01.2025 01:00;0,15372;0,126
26.01.2025 02:00;0,14762;0,121
26.01.2025 03:00;0,16714;0,137
26.01.2025 04:00;0,1769;0,145
26.01.2025 05:00;0,24522;0,201
26.01.2025 06:00;3,0561;2,505
26.01.2025 07:00;10,3944;8,52
26.01.2025 08:00;11,59;9,5
26.01.2025 09:00;13,41146;10,993
26.01.2025 10:00;15,00844;12,302
26.01.2025 11:00;10,39074;8,517
26.01.2025 12:00;12,58552;10,316
26.01.2025 13:00;11,83766;9,703
26.01.2025 14:00;11,16666;9,153
26.01.2025 15:00;12,34884;10,122
26.01.2025 16:00;13,86896;11,368
26.01.2025 17:00;15,66724;12,842
26.01.2025 18:00;16,44804;13,482
26.01.2025 19:00;15,13288;12,404
26.01.2025 20:00;13,41268;10,994
26.01.2025 21:00;13,22114;10,837
26.01.2025 22:00;11,43994;9,377
26.01.2025 23:00;4,90318;4,019
27.01.2025 00:00;3,35012;2,746
27.01.2025 01:00;4,79704;3,932
27.01.2025 02:00;4,2395;3,475
27.01.2025 03:00;3,28546;2,693
27.01.2025 04:00;1,7019;1,395
27.01.2025 05:00;3,72466;3,053
27.01.2025 06:00;6,771;5,55
27.01.2025 07:00;9,10242;7,461
27.01.2025 08:00;14,96574;12,267
27.01.2025 09:00;14,7071;12,055
27.01.2025 10:00;12,43302;10,191
27.01.2025 11:00;11,1142;9,11
27.01.2025 12:00;11,1142;9,11
27.01.2025 13:00;16,99338;13,929
27.01.2025 14:00;14,9633;12,265
27.01.2025 15:00;11,54364;9,462
27.01.2025 16:00;16,99338;13,929
27.01.2025 17:00;15,1646;12,43
27.01.2025 18:00;15,84536;12,988
27.01.2025 19:00;11,1142;9,11
27.01.2025 20:00;8,39238;6,879
27.01.2025 21:00;4,49326;3,683
27.01.2025 22:00;4,0626;3,33
27.01.2025 23:00;3,70026;3,033
28.01.2025 00:00;2,96704;2,432
28.01.2025 01:00;2,7816;2,28
28.01.2025 02:00;2,95484;2,422
28.01.2025 03:00;3,06342;2,511
28.01.2025 04:00;3,08904;2,532
28.01.2025 05:00;3,26472;2,676
28.01.2025 06:00;8,39238;6,879
28.01.2025 07:00;15,13166;12,403
28.01.2025 08:00;16,51148;13,534
28.01.2025 09:00;18,00476;14,758
28.01.2025 10:00;16,26016;13,328
28.01.2025 11:00;15,16582;12,431
28.01.2025 12:00;14,6095;11,975
28.01.2025 13:00;15,27318;12,519
28.01.2025 14:00;19,52;16
28.01.2025 15:00;15,25488;12,504
28.01.2025 16:00;16,70302;13,691
28.01.2025 17:00;17,91326;14,683
28.01.2025 18:00;18,5684;15,22
28.01.2025 19:00;17,04218;13,969
28.01.2025 20:00;14,65098;12,009
28.01.2025 21:00;14,38624;11,792
28.01.2025 22:00;8,17522;6,701
28.01.2025 23:00;6,22566;5,103
29.01.2025 00:00;5,01664;4,112
29.01.2025 01:00;10,37;8,5
29.01.2025 02:00;5,22892;4,286
29.01.2025 03:00;5,1606;4,23
29.01.2025 04:00;5,124;4,2
29.01.2025 05:00;5,2094;4,27
29.01.2025 06:00;5,35824;4,392
29.01.2025 07:00;9,74902;7,991
29.01.2025 08:00;16,87138;13,829
29.01.2025 09:00;17,74612;14,546
29.01.2025 10:00;15,92954;13,057
29.01.2025 11:00;13,0784;10,72
29.01.2025 12:00;11,07638;9,079
29.01.2025 13:00;10,42246;8,543
29.01.2025 14:00;10,4798;8,59
29.01.2025 15:00;11,29598;9,259
29.01.2025 16:00;12,2488;10,04
29.01.2025 17:00;15,8539;12,995
29.01.2025 18:00;17,92424;14,692
29.01.2025 19:00;17,74612;14,546
29.01.2025 20:00;16,26138;13,329
29.01.2025 21:00;13,01862;10,671
29.01.2025 22:00;7,73602;6,341
29.01.2025 23:00;6,10366;5,003
30.01.2025 00:00;5,37044;4,402
30.01.2025 01:00;6,4843;5,315
30.01.2025 02:00;5,98166;4,903
30.01.2025 03:00;5,54124;4,542
30.01.2025 04:00;5,54002;4,541
30.01.2025 05:00;5,49;4,5
30.01.2025 06:00;6,78808;5,564
30.01.2025 07:00;8,48876;6,958
30.01.2025 08:00;10,98976;9,008
30.01.2025 09:00;15,38176;12,608
30.01.2025 10:00;15,42202;12,641
30.01.2025 11:00;13,42366;11,003
30.01.2025 12:00;10,19188;8,354
30.01.2025 13:00;12,25978;10,049
30.01.2025 14:00;11,15202;9,141
30.01.2025 15:00;12,97226;10,633
30.01.2025 16:00;10,98244;9,002
30.01.2025 17:00;11,81936;9,688
30.01.2025 18:00;16,03446;13,143
30.01.2025 19:00;12,20122;10,001
30.01.2025 20:00;13,16136;10,788
30.01.2025 21:00;9,49892;7,786
30.01.2025 22:00;8,50828;6,974
30.01.2025 23:00;8,13862;6,671
31.01.2025 00:00;7,13456;5,848
31.01.2025 01:00;5,9109;4,845
31.01.2025 02:00;5,73888;4,704
31.01.2025 03:00;7,55546;6,193
31.01.2025 04:00;10,38342;8,511
31.01.2025 05:00;14,21056;11,648
31.01.2025 06:00;14,76566;12,103
31.01.2025 07:00;17,24104;14,132
31.01.2025 08:00;19,3797;15,885
31.01.2025 09:00;20,069;16,45
31.01.2025 10:00;18,91854;15,507
31.01.2025 11:00;15,89904;13,032
31.01.2025 12:00;15,90026;13,033
31.01.2025 13:00;17,79248;14,584
31.01.2025 14:00;18,8002;15,41
31.01.2025 15:00;14,64488;12,004
31.01.2025 16:00;17,91082;14,681
31.01.2025 17:00;20,10682;16,481
31.01.2025 18:00;18,36344;15,052
31.01.2025 19:00;21,96122;18,001
31.01.2025 20:00;17,07878;13,999
31.01.2025 21:00;14,64244;12,002
31.01.2025 22:00;7,37246;6,043
31.01.2025 23:00;5,95238;4,879
01.02.2025 00:00;5,7706;4,73
01.02.2025 01:00;16,09058;13,189
01.02.2025 02:00;11,80838;9,679
01.02.2025 03:00;6,12318;5,019
01.02.2025 04:00;6,09634;4,997
01.02.2025 05:00;6,05242;4,961
01.02.2025 06:00;10,85678;8,899
01.02.2025 07:00;6,40256;5,248
01.02.2025 08:00;7,51642;6,161
01.02.2025 09:00;18,72212;15,346
01.02.2025 10:00;16,34678;13,399
01.02.2025 11:00;15,34028;12,574
01.02.2025 12:00;14,34964;11,762
01.02.2025 13:00;13,17356;10,798
01.02.2025 14:00;12,35006;10,123
01.02.2025 15:00;12,92468;10,594
01.02.2025 16:00;15,45496;12,668
01.02.2025 17:00;18,36954;15,057
01.02.2025 18:00;20,10194;16,477
01.02.2025 19:00;20,00556;16,398
01.02.2025 20:00;19,46998;15,959
01.02.2025 21:00;18,69894;15,327
01.02.2025 22:00;17,3423;14,215
01.02.2025 23:00;10,5652;8,66
02.02.2025 00:00;12,19756;9,998
02.02.2025 01:00;6,59898;5,409
02.02.2025 02:00;15,48302;12,691
02.02.2025 03:00;15,00478;12,299
02.02.2025 04:00;14,72052;12,066
02.02.2025 05:00;14,92548;12,234
02.02.2025 06:00;15,05602;12,341
02.02.2025 07:00;15,62698;12,809
02.02.2025 08:00;16,5798;13,59
02.02.2025 09:00;16,7506;13,73
02.02.2025 10:00;16,7994;13,77
02.02.2025 11:00;15,86488;13,004
02.02.2025 12:00;15,77826;12,933
02.02.2025 13:00;14,91328;12,224
02.02.2025 14:00;13,64936;11,188
02.02.2025 15:00;14,2252;11,66
02.02.2025 16:00;15,70262;12,871
02.02.2025 17:00;18,6355;15,275
02.02.2025 18:00;20,13122;16,501
02.02.2025 19:00;20,53382;16,831
02.02.2025 20:00;20,68754;16,957
02.02.2025 21:00;18,78068;15,394
02.02.2025 22:00;16,22478;13,299
02.02.2025 23:00;17,16662;14,071
03.02.2025 00:00;11,84498;9,709
03.02.2025 01:00;15,80388;12,954
03.02.2025 02:00;15,44886;12,663
03.02.2025 03:00;15,21584;12,472
03.02.2025 04:00;14,64488;12,004
03.02.2025 05:00;15,03528;12,324
03.02.2025 06:00;15,58794;12,777
03.02.2025 07:00;19,41996;15,918
03.02.2025 08:00;25,36136;20,788
03.02.2025 09:00;29,44836;24,138
03.02.2025 10:00;21,72088;17,804
03.02.2025 11:00;18,2939;14,995
03.02.2025 12:00;15,46106;12,673
03.02.2025 13:00;14,36184;11,772
03.02.2025 14:00;14,09466;11,553
03.02.2025 15:00;15,21218;12,469
03.02.2025 16:00;17,96084;14,722
03.02.2025 17:00;20,7217;16,985
03.02.2025 18:00;26,23732;21,506
03.02.2025 19:00;24,73062;20,271
03.02.2025 20:00;24,5342;20,11
03.02.2025 21:00;20,46428;16,774
03.02.2025 22:00;18,666;15,3
03.02.2025 23:00;17,59362;14,421
04.02.2025 00:00;16,56882;13,581
04.02.2025 01:00;16,1528;13,24
04.02.2025 02:00;11,82058;9,689
04.02.2025 03:00;10,3883;8,515
04.02.2025 04:00;11,8218;9,69
04.02.2025 05:00;15,0365;12,325
04.02.2025 06:00;15,57086;12,763
04.02.2025 07:00;18,95758;15,539
04.02.2025 08:00;28,05756;22,998
04.02.2025 09:00;36,2645;29,725
04.02.2025 10:00;29,28854;24,007
04.02.2025 11:00;16,65666;13,653
04.02.2025 12:00;15,45496;12,668
04.02.2025 13:00;15,78558;12,939
04.02.2025 14:00;20,78758;17,039
04.02.2025 15:00;24,156;19,8
04.02.2025 16:00;24,38902;19,991
04.02.2025 17:00;24,39878;19,999
04.02.2025 18:00;23,90712;19,596
04.02.2025 19:00;21,35;17,5
04.02.2025 20:00;22,22352;18,216
04.02.2025 21:00;20,13;16,5
04.02.2025 22:00;16,10034;13,197
04.02.2025 23:00;15,91978;13,049
05.02.2025 00:00;14,91084;12,222
05.02.2025 01:00;14,01292;11,486
05.02.2025 02:00;13,49808;11,064
05.02.2025 03:00;9,91738;8,129
05.02.2025 04:00;10,11746;8,293
05.02.2025 05:00;12,98202;10,641
05.02.2025 06:00;14,94256;12,248
05.02.2025 07:00;18,5501;15,205
05.02.2025 08:00;20,85346;17,093
05.02.2025 09:00;22,05882;18,081
05.02.2025 10:00;19,43826;15,933
05.02.2025 11:00;16,25772;13,326
05.02.2025 12:00;14,8352;12,16
05.02.2025 13:00;14,24228;11,674
05.02.2025 14:00;14,56314;11,937
05.02.2025 15:00;15,7197;12,885
05.02.2025 16:00;17,58264;14,412
05.02.2025 17:00;19,57124;16,042
05.02.2025 18:00;21,61596;17,718
05.02.2025 19:00;23,1678;18,99
05.02.2025 20:00;18,3793;15,065
05.02.2025 21:00;8,84622;7,251
05.02.2025 22:00;10,05036;8,238
05.02.2025 23:00;6,1671;5,055
06.02.2025 00:00;5,88772;4,826
06.02.2025 01:00;6,27324;5,142
06.02.2025 02:00;6,18174;5,067
06.02.2025 03:00;6,18784;5,072
06.02.2025 04:00;7,98978;6,549
06.02.2025 05:00;11,6632;9,56
06.02.2025 06:00;16,42608;13,464
06.02.2025 07:00;18,93318;15,519
06.02.2025 08:00;20,5814;16,87
06.02.2025 09:00;24,60496;20,168
06.02.2025 10:00;21,83312;17,896
06.02.2025 11:00;19,5627;16,035
06.02.2025 12:00;18,4464;15,12
06.02.2025 13:00;17,84494;14,627
06.02.2025 14:00;17,50212;14,346
06.02.2025 15:00;16,9458;13,89
06.02.2025 16:00;18,33538;15,029
06.02.2025 17:00;22,34918;18,319
06.02.2025 18:00;22,34918;18,319
06.02.2025 19:00;20,8986;17,13
06.02.2025 20:00;20,31788;16,654
06.02.2025 21:00;17,79492;14,586
06.02.2025 22:00;15,70262;12,871
06.02.2025 23:00;12,18902;9,991
07.02.2025 00:00;10,38586;8,513
07.02.2025 01:00;15,3781;12,605
07.02.2025 02:00;12,31956;10,098
07.02.2025 03:00;11,68638;9,579
07.02.2025 04:00;12,81;10,5
07.02.2025 05:00;8,26794;6,777
07.02.2025 06:00;14,56802;11,941
07.02.2025 07:00;19,13692;15,686
07.02.2025 08:00;23,18854;19,007
07.02.2025 09:00;20,18002;16,541
07.02.2025 10:00;18,3793;15,065
07.02.2025 11:00;15,75264;12,912
07.02.2025 12:00;11,82546;9,693
07.02.2025 13:00;13,79454;11,307
07.02.2025 14:00;13,55542;11,111
07.02.2025 15:00;13,93972;11,426
07.02.2025 16:00;15,20364;12,462
07.02.2025 17:00;18,1414;14,87
07.02.2025 18:00;18,13652;14,866
07.02.2025 19:00;17,68878;14,499
07.02.2025 20:00;17,1471;14,055
07.02.2025 21:00;14,94866;12,253
07.02.2025 22:00;7,88608;6,464
07.02.2025 23:00;7,33342;6,011
08.02.2025 00:00;6,72708;5,514
08.02.2025 01:00;0,13054;0,107
08.02.2025 02:00;11,61562;9,521
08.02.2025 03:00;0,70638;0,579
08.02.2025 04:00;5,978;4,9
08.02.2025 05:00;5,92432;4,856
08.02.2025 06:00;3,39404;2,782
08.02.2025 07:00;8,40702;6,891
08.02.2025 08:00;6,0939;4,995
08.02.2025 09:00;6,25982;5,131
08.02.2025 10:00;5,23868;4,294
08.02.2025 11:00;8,16912;6,696
08.02.2025 12:00;6,69902;5,491
08.02.2025 13:00;6,99548;5,734
08.02.2025 14:00;6,9174;5,67
08.02.2025 15:00;6,75758;5,539
08.02.2025 16:00;8,06176;6,608
08.02.2025 17:00;16,8116;13,78
08.02.2025 18:00;12,2488;10,04
08.02.2025 19:00;12,2122;10,01
08.02.2025 20:00;10,30656;8,448
08.02.2025 21:00;9,93568;8,144
08.02.2025 22:00;8,86086;7,263
08.02.2025 23:00;8,17644;6,702
09.02.2025 00:00;7,79458;6,389
09.02.2025 01:00;7,54814;6,187
09.02.2025 02:00;7,05404;5,782
09.02.2025 03:00;6,99426;5,733
09.02.2025 04:00;6,98938;5,729
09.02.2025 05:00;2,54614;2,087
09.02.2025 06:00;10,3761;8,505
09.02.2025 07:00;10,37122;8,501
09.02.2025 08:00;10,37122;8,501
09.02.2025 09:00;10,4676;8,58
09.02.2025 10:00;14,5546;11,93
09.02.2025 11:00;13,5298;11,09
09.02.2025 12:00;11,529;9,45
09.02.2025 13:00;10,37366;8,503
09.02.2025 14:00;11,7852;9,66
09.02.2025 15:00;19,42484;15,922
09.02.2025 16:00;24,40366;20,003
09.02.2025 17:00;39,65854;32,507
09.02.2025 18:00;25,32598;20,759
09.02.2025 19:00;29,28122;24,001
09.02.2025 20:00;23,17878;18,999
09.02.2025 21:00;24,40366;20,003
09.02.2025 22:00;19,42484;15,922
09.02.2025 23:00;19,03688;15,604
10.02.2025 00:00;17,77174;14,567
10.02.2025 01:00;15,433;12,65
10.02.2025 02:00;11,78398;9,659
10.02.2025 03:00;7,12968;5,844
10.02.2025 04:00;7,0577;5,785
10.02.2025 05:00;18,6416;15,28
10.02.2025 06:00;26,6692;21,86
10.02.2025 07:00;12,2;10
10.02.2025 08:00;28,61144;23,452
10.02.2025 09:00;24,40976;20,008
10.02.2025 10:00;18,64038;15,279
10.02.2025 11:00;13,30166;10,903
10.02.2025 12:00;13,5725;11,125
10.02.2025 13:00;13,50174;11,067
10.02.2025 14:00;15,73678;12,899
10.02.2025 15:00;20,68998;16,959
10.02.2025 16:00;18,67332;15,306
10.02.2025 17:00;24,76722;20,301
10.02.2025 18:00;23,2898;19,09
10.02.2025 19:00;23,2593;19,065
10.02.2025 20:00;22,57732;18,506
10.02.2025 21:00;12,43058;10,189
10.02.2025 22:00;15,433;12,65
10.02.2025 23:00;26,66798;21,859
11.02.2025 00:00;15,43178;12,649
11.02.2025 01:00;23,32518;19,119
11.02.2025 02:00;17,16662;14,071
11.02.2025 03:00;15,433;12,65
11.02.2025 04:00;6,38792;5,236
11.02.2025 05:00;10,38952;8,516
11.02.2025 06:00;41,49098;34,009
11.02.2025 07:00;24,4976;20,08
11.02.2025 08:00;35,38;29
11.02.2025 09:00;30,5061;25,005
11.02.2025 10:00;29,28732;24,006
11.02.2025 11:00;22,1552;18,16
11.02.2025 12:00;19,68592;16,136
11.02.2025 13:00;18,2756;14,98
11.02.2025 14:00;15,3232;12,56
11.02.2025 15:00;24,40488;20,004
11.02.2025 16:00;24,4122;20,01
11.02.2025 17:00;36,59024;29,992
11.02.2025 18:00;41,48;34
11.02.2025 19:00;29,28732;24,006
11.02.2025 20:00;29,28122;24,001
11.02.2025 21:00;12,19024;9,992
11.02.2025 22:00;22,15398;18,159
11.02.2025 23:00;15,43178;12,649
12.02.2025 00:00;11,7852;9,66
12.02.2025 01:00;22,27842;18,261
12.02.2025 02:00;15,5184;12,72
12.02.2025 03:00;13,725;11,25
12.02.2025 04:00;8,5034;6,97
12.02.2025 05:00;8,50218;6,969
12.02.2025 06:00;48,81342;40,011
12.02.2025 07:00;36,59512;29,996
12.02.2025 08:00;51,15826;41,933
12.02.2025 09:00;48,81342;40,011
12.02.2025 10:00;30,50122;25,001
12.02.2025 11:00;16,41876;13,458
12.02.2025 12:00;14,63512;11,996
12.02.2025 13:00;16,59322;13,601
12.02.2025 14:00;14,0605;11,525
12.02.2025 15:00;34,49916;28,278
12.02.2025 16:00;41,49708;34,014
12.02.2025 17:00;58,92844;48,302
12.02.2025 18:00;48,82318;40,019
12.02.2025 19:00;48,8122;40,01
12.02.2025 20:00;23,18;19
12.02.2025 21:00;20,77294;17,027
12.02.2025 22:00;22,15398;18,159
12.02.2025 23:00;17,79004;14,582
13.02.2025 00:00;11,895;9,75
13.02.2025 01:00;14,75956;12,098
13.02.2025 02:00;11,51802;9,441
13.02.2025 03:00;9,47452;7,766
13.02.2025 04:00;9,75024;7,992
13.02.2025 05:00;11,8096;9,68
13.02.2025 06:00;28,90058;23,689
13.02.2025 07:00;23,11778;18,949
13.02.2025 08:00;48,81586;40,013
13.02.2025 09:00;41,4983;34,015
13.02.2025 10:00;26,32516;21,578
13.02.2025 11:00;15,48058;12,689
13.02.2025 12:00;12,2;10
13.02.2025 13:00;13,21382;10,831
13.02.2025 14:00;16,3846;13,43
13.02.2025 15:00;15,4818;12,69
13.02.2025 16:00;22,1918;18,19
13.02.2025 17:00;39,75858;32,589
13.02.2025 18:00;36,58902;29,991
13.02.2025 19:00;23,363;19,15
13.02.2025 20:00;19,57856;16,048
13.02.2025 21:00;16,67984;13,672
13.02.2025 22:00;14,7864;12,12
13.02.2025 23:00;12,2;10
14.02.2025 00:00;11,80838;9,679
14.02.2025 01:00;25,4736;20,88
14.02.2025 02:00;15,17558;12,439
14.02.2025 03:00;15,03528;12,324
14.02.2025 04:00;14,94134;12,247
14.02.2025 05:00;23,17878;18,999
14.02.2025 06:00;16,35532;13,406
14.02.2025 07:00;20,16782;16,531
14.02.2025 08:00;28,8164;23,62
14.02.2025 09:00;33,01076;27,058
14.02.2025 10:00;26,30442;21,561
14.02.2025 11:00;22,21742;18,211
14.02.2025 12:00;20,13;16,5
14.02.2025 13:00;19,52122;16,001
14.02.2025 14:00;16,18086;13,263
14.02.2025 15:00;21,41832;17,556
14.02.2025 16:00;15,9881;13,105
14.02.2025 17:00;24,73428;20,274
14.02.2025 18:00;36,0083;29,515
14.02.2025 19:00;33,8611;27,755
14.02.2025 20:00;27,2121;22,305
14.02.2025 21:00;22,12836;18,138
14.02.2025 22:00;19,7457;16,185
14.02.2025 23:00;25,47238;20,879
15.02.2025 00:00;13,19674;10,817
15.02.2025 01:00;25,25278;20,699
15.02.2025 02:00;23,729;19,45
15.02.2025 03:00;19,14302;15,691
15.02.2025 04:00;17,52896;14,368
15.02.2025 05:00;23,73266;19,453
15.02.2025 06:00;14,57656;11,948
15.02.2025 07:00;36,0144;29,52
15.02.2025 08:00;58,92966;48,303
15.02.2025 09:00;48,8;40
15.02.2025 10:00;36,02172;29,526
15.02.2025 11:00;29,27878;23,999
15.02.2025 12:00;25,5102;20,91
15.02.2025 13:00;25,25278;20,699
15.02.2025 14:00;26,6448;21,84
15.02.2025 15:00;36,01806;29,523
15.02.2025 16:00;36,02294;29,527
15.02.2025 17:00;36,02416;29,528
15.02.2025 18:00;58,926;48,3
15.02.2025 19:00;60,99878;49,999
15.02.2025 20:00;36,02294;29,527
15.02.2025 21:00;56,18588;46,054
15.02.2025 22:00;25,76762;21,121
15.02.2025 23:00;18,53546;15,193
16.02.2025 00:00;13,4444;11,02
16.02.2025 01:00;16,32116;13,378
16.02.2025 02:00;16,10034;13,197
16.02.2025 03:00;15,53792;12,736
16.02.2025 04:00;14,64;12
16.02.2025 05:00;14,63878;11,999
16.02.2025 06:00;14,63878;11,999
16.02.2025 07:00;14,6461;12,005
16.02.2025 08:00;15,1158;12,39
16.02.2025 09:00;24,10964;19,762
16.02.2025 10:00;22,2711;18,255
16.02.2025 11:00;14,93158;12,239
16.02.2025 12:00;14,19714;11,637
16.02.2025 13:00;14,63756;11,998
16.02.2025 14:00;13,50052;11,066
16.02.2025 15:00;24,10842;19,761
16.02.2025 16:00;24,1133;19,765
16.02.2025 17:00;24,10964;19,762
16.02.2025 18:00;24,11818;19,769
16.02.2025 19:00;24,11696;19,768
16.02.2025 20:00;24,1072;19,76
16.02.2025 21:00;24,11086;19,763
16.02.2025 22:00;24,11086;19,763
16.02.2025 23:00;15,56964;12,762
17.02.2025 00:00;11,56438;9,479
17.02.2025 01:00;13,90556;11,398
17.02.2025 02:00;12,51476;10,258
17.02.2025 03:00;12,2;10
17.02.2025 04:00;11,56438;9,479
17.02.2025 05:00;13,09426;10,733
17.02.2025 06:00;15,79412;12,946
17.02.2025 07:00;19,62248;16,084
17.02.2025 08:00;25,50654;20,907
17.02.2025 09:00;27,10108;22,214
17.02.2025 10:00;24,02302;19,691
17.02.2025 11:00;17,873;14,65
17.02.2025 12:00;15,20852;12,466
17.02.2025 13:00;15,86;13
17.02.2025 14:00;13,0296;10,68
17.02.2025 15:00;18,53912;15,196
17.02.2025 16:00;16,99948;13,934
17.02.2025 17:00;21,22678;17,399
17.02.2025 18:00;30,36336;24,888
17.02.2025 19:00;34,57724;28,342
17.02.2025 20:00;26,7607;21,935
17.02.2025 21:00;22,07102;18,091
17.02.2025 22:00;19,0259;15,595
17.02.2025 23:00;16,64446;13,643
18.02.2025 00:00;15,1829;12,445
18.02.2025 01:00;15,60868;12,794
18.02.2025 02:00;13,17722;10,801
18.02.2025 03:00;12,71118;10,419
18.02.2025 04:00;13,79332;11,306
18.02.2025 05:00;13,1394;10,77
18.02.2025 06:00;24,52566;20,103
18.02.2025 07:00;24,53298;20,109
18.02.2025 08:00;34,52844;28,302
18.02.2025 09:00;26,8522;22,01
18.02.2025 10:00;30,5122;25,01
18.02.2025 11:00;24,5281;20,105
18.02.2025 12:00;24,0279;19,695
18.02.2025 13:00;24,02424;19,692
18.02.2025 14:00;24,0218;19,69
18.02.2025 15:00;23,18;19
18.02.2025 16:00;24,02302;19,691
18.02.2025 17:00;24,02546;19,693
18.02.2025 18:00;23,17878;18,999
18.02.2025 19:00;20,8315;17,075
18.02.2025 20:00;18,72212;15,346
18.02.2025 21:00;17,01656;13,948
18.02.2025 22:00;15,4635;12,675
18.02.2025 23:00;14,56436;11,938
19.02.2025 00:00;13,62862;11,171
19.02.2025 01:00;12,5965;10,325
19.02.2025 02:00;12,1939;9,995
19.02.2025 03:00;12,2366;10,03
19.02.2025 04:00;12,32688;10,104
19.02.2025 05:00;19,55172;16,026
19.02.2025 06:00;15,86122;13,001
19.02.2025 07:00;23,17878;18,999
19.02.2025 08:00;34,52966;28,303
19.02.2025 09:00;34,53088;28,304
19.02.2025 10:00;22,0454;18,07
19.02.2025 11:00;22,04052;18,066
19.02.2025 12:00;16,69936;13,688
19.02.2025 13:00;18,54156;15,198
19.02.2025 14:00;22,03808;18,064
19.02.2025 15:00;22,04418;18,069
19.02.2025 16:00;25,681;21,05
19.02.2025 17:00;26,42764;21,662
19.02.2025 18:00;34,52844;28,302
19.02.2025 19:00;26,2483;21,515
19.02.2025 20:00;24,88922;20,401
19.02.2025 21:00;23,2898;19,09
19.02.2025 22:00;22,04418;18,069
19.02.2025 23:00;17,9279;14,695
20.02.2025 00:00;11,6327;9,535
20.02.2025 01:00;13,59568;11,144
20.02.2025 02:00;11,2362;9,21
20.02.2025 03:00;11,2362;9,21
20.02.2025 04:00;13,04058;10,689
20.02.2025 05:00;13,52492;11,086
20.02.2025 06:00;21,25484;17,422
20.02.2025 07:00;24,52322;20,101
20.02.2025 08:00;29,9144;24,52
20.02.2025 09:00;23,2898;19,09
20.02.2025 10:00;23,2898;19,09
20.02.2025 11:00;18,05356;14,798
20.02.2025 12:00;11,2362;9,21
20.02.2025 13:00;13,9019;11,395
20.02.2025 14:00;18,4769;15,145
20.02.2025 15:00;23,2898;19,09
20.02.2025 16:00;24,53054;20,107
20.02.2025 17:00;34,52844;28,302
20.02.2025 18:00;34,52722;28,301
20.02.2025 19:00;23,2898;19,09
20.02.2025 20:00;15,32442;12,561
20.02.2025 21:00;14,52898;11,909
20.02.2025 22:00;18,4769;15,145
20.02.2025 23:00;5,47292;4,486
21.02.2025 00:00;2,17404;1,782
21.02.2025 01:00;13,42976;11,008
21.02.2025 02:00;8,96212;7,346
21.02.2025 03:00;9,63434;7,897
21.02.2025 04:00;5,49;4,5
21.02.2025 05:00;9,7844;8,02
21.02.2025 06:00;11,90354;9,757
21.02.2025 07:00;15,49766;12,703
21.02.2025 08:00;19,95066;16,353
21.02.2025 09:00;17,3667;14,235
21.02.2025 10:00;13,3712;10,96
21.02.2025 11:00;11,42652;9,366
21.02.2025 12:00;9,56236;7,838
21.02.2025 13:00;9,09754;7,457
21.02.2025 14:00;8,82914;7,237
21.02.2025 15:00;10,6872;8,76
21.02.2025 16:00;10,59814;8,687
21.02.2025 17:00;16,08814;13,187
21.02.2025 18:00;19,59808;16,064
21.02.2025 19:00;15,89538;13,029
21.02.2025 20:00;10,6994;8,77
21.02.2025 21:00;13,30898;10,909
21.02.2025 22:00;9,2354;7,57
21.02.2025 23:00;6,0451;4,955
22.02.2025 00:00;5,94018;4,869
22.02.2025 01:00;4,9105;4,025
22.02.2025 02:00;4,2212;3,46
22.02.2025 03:00;0,96624;0,792
22.02.2025 04:00;6,54164;5,362
22.02.2025 05:00;6,46234;5,297
22.02.2025 06:00;17,55824;14,392
22.02.2025 07:00;18,17068;14,894
22.02.2025 08:00;9,84418;8,069
22.02.2025 09:00;10,1321;8,305
22.02.2025 10:00;9,7356;7,98
22.02.2025 11:00;19,88966;16,303
22.02.2025 12:00;12,40618;10,169
22.02.2025 13:00;14,72052;12,066
22.02.2025 14:00;19,88844;16,302
22.02.2025 15:00;19,89698;16,309
22.02.2025 16:00;10,58838;8,679
22.02.2025 17:00;21,12308;17,314
22.02.2025 18:00;19,89454;16,307
22.02.2025 19:00;17,55946;14,393
22.02.2025 20:00;12,688;10,4
22.02.2025 21:00;12,41594;10,177
22.02.2025 22:00;12,1085;9,925
22.02.2025 23:00;7,03818;5,769
23.02.2025 00:00;6,649;5,45
23.02.2025 01:00;15,66968;12,844
23.02.2025 02:00;10,675;8,75
23.02.2025 03:00;10,67378;8,749
23.02.2025 04:00;10,67378;8,749
23.02.2025 05:00;10,675;8,75
23.02.2025 06:00;10,14796;8,318
23.02.2025 07:00;12,14754;9,957
23.02.2025 08:00;13,26628;10,874
23.02.2025 09:00;10,67378;8,749
23.02.2025 10:00;7,46396;6,118
23.02.2025 11:00;7,34684;6,022
23.02.2025 12:00;7,2407;5,935
23.02.2025 13:00;6,29154;5,157
23.02.2025 14:00;6,24152;5,116
23.02.2025 15:00;10,675;8,75
23.02.2025 16:00;17,55702;14,391
23.02.2025 17:00;23,67288;19,404
23.02.2025 18:00;34,52844;28,302
23.02.2025 19:00;23,67166;19,403
23.02.2025 20:00;21,99538;18,029
23.02.2025 21:00;17,69;14,5
23.02.2025 22:00;18,60256;15,248
23.02.2025 23:00;15,39762;12,621
24.02.2025 00:00;13,9507;11,435
24.02.2025 01:00;10,7116;8,78
24.02.2025 02:00;10,31266;8,453
24.02.2025 03:00;10,67378;8,749
24.02.2025 04:00;10,675;8,75
24.02.2025 05:00;13,1943;10,815
24.02.2025 06:00;27,7001;22,705
24.02.2025 07:00;30,50488;25,004
24.02.2025 08:00;29,29098;24,009
24.02.2025 09:00;24,3939;19,995
24.02.2025 10:00;9,80758;8,039
24.02.2025 11:00;6,1732;5,06
24.02.2025 12:00;9,75512;7,996
24.02.2025 13:00;10,63718;8,719
24.02.2025 14:00;13,72866;11,253
24.02.2025 15:00;12,3281;10,105
24.02.2025 16:00;16,04178;13,149
24.02.2025 17:00;30,5;25
24.02.2025 18:00;34,52722;28,301
24.02.2025 19:00;20,51064;16,812
24.02.2025 20:00;16,65544;13,652
24.02.2025 21:00;14,40332;11,806
24.02.2025 22:00;12,73314;10,437
24.02.2025 23:00;13,02594;10,677
25.02.2025 00:00;12,65018;10,369
25.02.2025 01:00;10,6445;8,725
25.02.2025 02:00;11,09224;9,092
25.02.2025 03:00;11,05686;9,063
25.02.2025 04:00;11,1386;9,13
25.02.2025 05:00;12,2;10
25.02.2025 06:00;12,53916;10,278
25.02.2025 07:00;28,121;23,05
25.02.2025 08:00;21,03402;17,241
25.02.2025 09:00;20,95106;17,173
25.02.2025 10:00;18,849;15,45
25.02.2025 11:00;7,97514;6,537
25.02.2025 12:00;7,70186;6,313
25.02.2025 13:00;7,4481;6,105
25.02.2025 14:00;12,75144;10,452
25.02.2025 15:00;16,6042;13,61
25.02.2025 16:00;18,33904;15,032
25.02.2025 17:00;19,36262;15,871
25.02.2025 18:00;22,57122;18,501
25.02.2025 19:00;24,5952;20,16
25.02.2025 20:00;20,3191;16,655
25.02.2025 21:00;17,73026;14,533
25.02.2025 22:00;20,3008;16,64
25.02.2025 23:00;15,45618;12,669
26.02.2025 00:00;13,95436;11,438
26.02.2025 01:00;15,0853;12,365
26.02.2025 02:00;14,74614;12,087
26.02.2025 03:00;14,36062;11,771
26.02.2025 04:00;14,26424;11,692
26.02.2025 05:00;10,6872;8,76
26.02.2025 06:00;14,25814;11,687
26.02.2025 07:00;27,1511;22,255
26.02.2025 08:00;29,28;24
26.02.2025 09:00;25,37112;20,796
26.02.2025 10:00;19,52366;16,003
26.02.2025 11:00;23,21416;19,028
26.02.2025 12:00;15,91368;13,044
26.02.2025 13:00;15,63796;12,818
26.02.2025 14:00;21,7648;17,84
26.02.2025 15:00;15,39396;12,618
26.02.2025 16:00;16,4517;13,485
26.02.2025 17:00;24,39024;19,992
26.02.2025 18:00;34,52966;28,303
26.02.2025 19:00;23,18;19
26.02.2025 20:00;28,33572;23,226
26.02.2025 21:00;17,62046;14,443
26.02.2025 22:00;16,94336;13,888
26.02.2025 23:00;23,17878;18,999
27.02.2025 00:00;13,63472;11,176
27.02.2025 01:00;21,71478;17,799
27.02.2025 02:00;12,66482;10,381
27.02.2025 03:00;12,44278;10,199
27.02.2025 04:00;12,27076;10,058
27.02.2025 05:00;12,32078;10,099
27.02.2025 06:00;15,13044;12,402
27.02.2025 07:00;21,95878;17,999
27.02.2025 08:00;34,53088;28,304
27.02.2025 09:00;34,52722;28,301
27.02.2025 10:00;34,89078;28,599
27.02.2025 11:00;34,52844;28,302
27.02.2025 12:00;23,18;19
27.02.2025 13:00;21,6184;17,72
27.02.2025 14:00;23,17878;18,999
27.02.2025 15:00;24,39756;19,998
27.02.2025 16:00;23,5826;19,33
27.02.2025 17:00;23,62408;19,364
27.02.2025 18:00;34,5321;28,305
27.02.2025 19:00;23,62896;19,368
27.02.2025 20:00;23,17878;18,999
27.02.2025 21:00;21,6184;17,72
27.02.2025 22:00;25,78104;21,132
27.02.2025 23:00;34,5321;28,305
28.02.2025 00:00;24,40122;20,001
28.02.2025 01:00;21,69038;17,779
28.02.2025 02:00;15,35736;12,588
28.02.2025 03:00;13,34436;10,938
28.02.2025 04:00;13,4505;11,025
28.02.2025 05:00;13,69572;11,226
28.02.2025 06:00;29,27878;23,999
28.02.2025 07:00;21,69038;17,779
28.02.2025 08:00;25,7786;21,13
28.02.2025 09:00;35,37878;28,999
28.02.2025 10:00;24,4;20
28.02.2025 11:00;29,28;24
28.02.2025 12:00;14,21666;11,653
28.02.2025 13:00;20,1056;16,48
28.02.2025 14:00;23,17878;18,999
28.02.2025 15:00;28,90546;23,693
28.02.2025 16:00;35,40562;29,021
28.02.2025 17:00;24,26214;19,887
28.02.2025 18:00;35,4044;29,02
28.02.2025 19:00;21,777;17,85
28.02.2025 20:00;29,28;24
28.02.2025 21:00;16,69448;13,684
28.02.2025 22:00;21,77578;17,849
28.02.2025 23:00;32,93878;26,999
01.03.2025 00:00;20,1056;16,48
01.03.2025 01:00;20,74976;17,008
01.03.2025 02:00;14,69856;12,048
01.03.2025 03:00;14,2923;11,715
01.03.2025 04:00;13,71524;11,242
01.03.2025 05:00;13,41268;10,994
01.03.2025 06:00;13,99096;11,468
01.03.2025 07:00;14,7315;12,075
01.03.2025 08:00;16,62006;13,623
01.03.2025 09:00;16,97264;13,912
01.03.2025 10:00;18,30732;15,006
01.03.2025 11:00;17,3179;14,195
01.03.2025 12:00;19,52;16
01.03.2025 13:00;17,31912;14,196
01.03.2025 14:00;12,81;10,5
01.03.2025 15:00;13,99462;11,471
01.03.2025 16:00;13,66888;11,204
01.03.2025 17:00;16,71888;13,704
01.03.2025 18:00;20,72658;16,989
01.03.2025 19:00;18,31708;15,014
01.03.2025 20:00;17,49724;14,342
01.03.2025 21:00;16,36874;13,417
01.03.2025 22:00;15,54524;12,742
01.03.2025 23:00;20,51674;16,817
02.03.2025 00:00;14,63024;11,992
02.03.2025 01:00;15,0731;12,355
02.03.2025 02:00;12,86368;10,544
02.03.2025 03:00;11,99382;9,831
02.03.2025 04:00;10,38708;8,514
02.03.2025 05:00;10,38708;8,514
02.03.2025 06:00;11,0105;9,025
02.03.2025 07:00;10,91046;8,943
02.03.2025 08:00;11,95234;9,797
02.03.2025 09:00;12,4074;10,17
02.03.2025 10:00;10,858;8,9
02.03.2025 11:00;8,3326;6,83
02.03.2025 12:00;5,978;4,9
02.03.2025 13:00;3,355;2,75
02.03.2025 14:00;1,21024;0,992
02.03.2025 15:00;2,68766;2,203
02.03.2025 16:00;7,24314;5,937
02.03.2025 17:00;9,27566;7,603
02.03.2025 18:00;14,96574;12,267
02.03.2025 19:00;17,1105;14,025
02.03.2025 20:00;3,8918;3,19
02.03.2025 21:00;10,38342;8,511
02.03.2025 22:00;0,70516;0,578
02.03.2025 23:00;0,70516;0,578
03.03.2025 00:00;0,36722;0,301
03.03.2025 01:00;0,70638;0,579
03.03.2025 02:00;1,4884;1,22
03.03.2025 03:00;0,36722;0,301
03.03.2025 04:00;0,15494;0,127
03.03.2025 05:00;0,62098;0,509
03.03.2025 06:00;2,69376;2,208
03.03.2025 07:00;4,95808;4,064
03.03.2025 08:00;17,12514;14,037
03.03.2025 09:00;10,37854;8,507
03.03.2025 10:00;2,98168;2,444
03.03.2025 11:00;0,70516;0,578
03.03.2025 12:00;0,70516;0,578
03.03.2025 13:00;0,70516;0,578
03.03.2025 14:00;0,43554;0,357
03.03.2025 15:00;0,43798;0,359
03.03.2025 16:00;0,62098;0,509
03.03.2025 17:00;0,70516;0,578
03.03.2025 18:00;9,53918;7,819
03.03.2025 19:00;10,38586;8,513
03.03.2025 20:00;3,64414;2,987
03.03.2025 21:00;0,70516;0,578
03.03.2025 22:00;0,70394;0,577
03.03.2025 23:00;0,13054;0,107
04.03.2025 00:00;-0,00122;-0,001
04.03.2025 01:00;0,1342;0,11
04.03.2025 02:00;0,1281;0,105
04.03.2025 03:00;0,12566;0,103
04.03.2025 04:00;0,12444;0,102
04.03.2025 05:00;0,18788;0,154
04.03.2025 06:00;0,6466;0,53
04.03.2025 07:00;4,9105;4,025
04.03.2025 08:00;17,12636;14,038
04.03.2025 09:00;9,7539;7,995
04.03.2025 10:00;2,684;2,2
04.03.2025 11:00;0,70516;0,578
04.03.2025 12:00;0,44652;0,366
04.03.2025 13:00;0,45628;0,374
04.03.2025 14:00;0,48434;0,397
04.03.2025 15:00;0,86376;0,708
04.03.2025 16:00;2,68888;2,204
04.03.2025 17:00;9,75146;7,993
04.03.2025 18:00;3,27326;2,683
04.03.2025 19:00;10,85678;8,899
04.03.2025 20:00;7,32122;6,001
04.03.2025 21:00;2,69376;2,208
04.03.2025 22:00;3,05244;2,502
04.03.2025 23:00;0,6222;0,51
05.03.2025 00:00;0,17446;0,143
05.03.2025 01:00;0,60878;0,499
05.03.2025 02:00;0,6222;0,51
05.03.2025 03:00;0,366;0,3
05.03.2025 04:00;0,13298;0,109
05.03.2025 05:00;0,19276;0,158
05.03.2025 06:00;0,62098;0,509
05.03.2025 07:00;11,7425;9,625
05.03.2025 08:00;10,39074;8,517
05.03.2025 09:00;6,03046;4,943
05.03.2025 10:00;0,70516;0,578
05.03.2025 11:00;0,6222;0,51
05.03.2025 12:00;0,61;0,5
05.03.2025 13:00;0,6222;0,51
05.03.2025 14:00;0,70394;0,577
05.03.2025 15:00;0,70394;0,577
05.03.2025 16:00;3,24398;2,659
05.03.2025 17:00;9,64532;7,906
05.03.2025 18:00;9,57578;7,849
05.03.2025 19:00;4,5201;3,705
05.03.2025 20:00;3,06098;2,509
05.03.2025 21:00;3,05976;2,508
05.03.2025 22:00;0,62098;0,509
05.03.2025 23:00;0,38308;0,314
06.03.2025 00:00;0,27206;0,223
06.03.2025 01:00;0,35624;0,292
06.03.2025 02:00;0,30744;0,252
06.03.2025 03:00;0,6222;0,51
06.03.2025 04:00;2,06058;1,689
06.03.2025 05:00;3,1964;2,62
06.03.2025 06:00;5,62908;4,614
06.03.2025 07:00;6,0268;4,94
06.03.2025 08:00;7,48714;6,137
06.03.2025 09:00;7,35416;6,028
06.03.2025 10:00;4,88732;4,006
06.03.2025 11:00;0,70516;0,578
06.03.2025 12:00;0,36234;0,297
06.03.2025 13:00;0,20496;0,168
06.03.2025 14:00;0,03294;0,027
06.03.2025 15:00;0,43066;0,353
06.03.2025 16:00;1,18096;0,968
06.03.2025 17:00;5,90236;4,838
06.03.2025 18:00;5,8377;4,785
06.03.2025 19:00;5,82306;4,773
06.03.2025 20:00;5,78036;4,738
06.03.2025 21:00;10,38464;8,512
06.03.2025 22:00;5,08984;4,172
06.03.2025 23:00;4,34686;3,563
07.03.2025 00:00;3,63072;2,976
07.03.2025 01:00;2,62788;2,154
07.03.2025 02:00;2,82308;2,314
07.03.2025 03:00;3,2574;2,67
07.03.2025 04:00;3,10368;2,544
07.03.2025 05:00;4,1236;3,38
07.03.2025 06:00;14,23496;11,668
07.03.2025 07:00;20,73146;16,993
07.03.2025 08:00;21,71966;17,803
07.03.2025 09:00;16,22844;13,302
07.03.2025 10:00;10,14064;8,312
07.03.2025 11:00;8,79254;7,207
07.03.2025 12:00;3,88082;3,181
07.03.2025 13:00;2,6901;2,205
07.03.2025 14:00;2,6962;2,21
07.03.2025 15:00;11,94502;9,791
07.03.2025 16:00;11,25938;9,229
07.03.2025 17:00;17,31912;14,196
07.03.2025 18:00;24,1743;19,815
07.03.2025 19:00;26,596;21,8
07.03.2025 20:00;22,50778;18,449
07.03.2025 21:00;18,79776;15,408
07.03.2025 22:00;16,47366;13,503
07.03.2025 23:00;14,79738;12,129
08.03.2025 00:00;4,44568;3,644
08.03.2025 01:00;2,69376;2,208
08.03.2025 02:00;0,70516;0,578
08.03.2025 03:00;0,6466;0,53
08.03.2025 04:00;0,6466;0,53
08.03.2025 05:00;0,70638;0,579
08.03.2025 06:00;9,3147;7,635
08.03.2025 07:00;10,62498;8,709
08.03.2025 08:00;5,13864;4,212
08.03.2025 09:00;5,24112;4,296
08.03.2025 10:00;5,1179;4,195
08.03.2025 11:00;2,2021;1,805
08.03.2025 12:00;0,28182;0,231
08.03.2025 13:00;0,12444;0,102
08.03.2025 14:00;0,12932;0,106
08.03.2025 15:00;0,366;0,3
08.03.2025 16:00;7,00402;5,741
08.03.2025 17:00;12,5416;10,28
08.03.2025 18:00;25,83838;21,179
08.03.2025 19:00;26,61064;21,812
08.03.2025 20:00;18,3793;15,065
08.03.2025 21:00;14,5668;11,94
08.03.2025 22:00;13,56152;11,116
08.03.2025 23:00;16,46146;13,493
09.03.2025 00:00;13,97266;11,453
09.03.2025 01:00;11,38504;9,332
09.03.2025 02:00;17,10318;14,019
09.03.2025 03:00;16,46024;13,492
09.03.2025 04:00;17,07634;13,997
09.03.2025 05:00;12,3159;10,095
09.03.2025 06:00;16,46878;13,499
09.03.2025 07:00;17,73514;14,537
09.03.2025 08:00;25,81154;21,157
09.03.2025 09:00;8,08372;6,626
09.03.2025 10:00;3,57094;2,927
09.03.2025 11:00;6,68926;5,483
09.03.2025 12:00;6,19028;5,074
09.03.2025 13:00;6,04632;4,956
09.03.2025 14:00;6,78442;5,561
09.03.2025 15:00;19,15522;15,701
09.03.2025 16:00;12,31834;10,097
09.03.2025 17:00;17,28008;14,164
09.03.2025 18:00;30,49878;24,999
09.03.2025 19:00;26,62894;21,827
09.03.2025 20:00;18,78922;15,401
09.03.2025 21:00;15,74532;12,906
09.03.2025 22:00;14,87302;12,191
09.03.2025 23:00;13,78234;11,297
10.03.2025 00:00;9,77586;8,013
10.03.2025 01:00;10,2724;8,42
10.03.2025 02:00;9,516;7,8
10.03.2025 03:00;10,38708;8,514
10.03.2025 04:00;10,73478;8,799
10.03.2025 05:00;11,6449;9,545
10.03.2025 06:00;14,64;12
10.03.2025 07:00;21,16944;17,352
10.03.2025 08:00;22,8018;18,69
10.03.2025 09:00;18,67332;15,306
10.03.2025 10:00;13,39438;10,979
10.03.2025 11:00;11,51436;9,438
10.03.2025 12:00;17,0678;13,99
10.03.2025 13:00;13,14916;10,778
10.03.2025 14:00;13,0723;10,715
10.03.2025 15:00;10,61034;8,697
10.03.2025 16:00;12,35982;10,131
10.03.2025 17:00;16,30652;13,366
10.03.2025 18:00;19,19182;15,731
10.03.2025 19:00;22,43092;18,386
10.03.2025 20:00;19,79694;16,227
10.03.2025 21:00;15,48058;12,689
10.03.2025 22:00;15,5184;12,72
10.03.2025 23:00;13,07718;10,719
11.03.2025 00:00;12,19146;9,993
11.03.2025 01:00;12,80146;10,493
11.03.2025 02:00;12,49036;10,238
11.03.2025 03:00;12,20488;10,004
11.03.2025 04:00;12,31468;10,094
11.03.2025 05:00;12,60504;10,332
11.03.2025 06:00;13,6152;11,16
11.03.2025 07:00;17,95596;14,718
11.03.2025 08:00;19,95432;16,356
11.03.2025 09:00;18,14628;14,874
11.03.2025 10:00;15,6343;12,815
11.03.2025 11:00;12,44278;10,199
11.03.2025 12:00;11,85596;9,718
11.03.2025 13:00;11,9133;9,765
11.03.2025 14:00;12,13412;9,946
11.03.2025 15:00;12,43058;10,189
11.03.2025 16:00;13,68962;11,221
11.03.2025 17:00;16,47122;13,501
11.03.2025 18:00;21,7221;17,805
11.03.2025 19:00;26,19584;21,472
11.03.2025 20:00;21,9905;18,025
11.03.2025 21:00;18,60866;15,253
11.03.2025 22:00;16,6835;13,675
11.03.2025 23:00;15,19144;12,452
12.03.2025 00:00;14,7742;12,11
12.03.2025 01:00;10,7604;8,82
12.03.2025 02:00;9,394;7,7
12.03.2025 03:00;10,3822;8,51
12.03.2025 04:00;11,163;9,15
12.03.2025 05:00;12,48792;10,236
12.03.2025 06:00;22,97748;18,834
12.03.2025 07:00;21,98074;18,017
12.03.2025 08:00;21,228;17,4
12.03.2025 09:00;22,83596;18,718
12.03.2025 10:00;26,20682;21,481
12.03.2025 11:00;22,86768;18,744
12.03.2025 12:00;15,86;13
12.03.2025 13:00;15,86;13
12.03.2025 14:00;15,86;13
12.03.2025 15:00;15,86;13
12.03.2025 16:00;18,74286;15,363
12.03.2025 17:00;23,17878;18,999
12.03.2025 18:00;24,6196;20,18
12.03.2025 19:00;27,2792;22,36
12.03.2025 20:00;23,72412;19,446
12.03.2025 21:00;18,39638;15,079
12.03.2025 22:00;17,39842;14,261
12.03.2025 23:00;14,64;12
13.03.2025 00:00;13,04302;10,691
13.03.2025 01:00;13,20528;10,824
13.03.2025 02:00;12,03042;9,861
13.03.2025 03:00;11,27158;9,239
13.03.2025 04:00;11,13006;9,123
13.03.2025 05:00;11,67906;9,573
13.03.2025 06:00;15,86;13
13.03.2025 07:00;20,05558;16,439
13.03.2025 08:00;27,29262;22,371
13.03.2025 09:00;27,2914;22,37
13.03.2025 10:00;30,50244;25,002
13.03.2025 11:00;27,2914;22,37
13.03.2025 12:00;27,29506;22,373
13.03.2025 13:00;28,14052;23,066
13.03.2025 14:00;29,03722;23,801
13.03.2025 15:00;27,74036;22,738
13.03.2025 16:00;26,21536;21,488
13.03.2025 17:00;25,0954;20,57
13.03.2025 18:00;29,21046;23,943
13.03.2025 19:00;30,39142;24,911
13.03.2025 20:00;21,16334;17,347
13.03.2025 21:00;17,8608;14,64
13.03.2025 22:00;16,55418;13,569
13.03.2025 23:00;12,04872;9,876
14.03.2025 00:00;8,70836;7,138
14.03.2025 01:00;13,30898;10,909
14.03.2025 02:00;13,76282;11,281
14.03.2025 03:00;13,33094;10,927
14.03.2025 04:00;12,80756;10,498
14.03.2025 05:00;13,01008;10,664
14.03.2025 06:00;14,87058;12,189
14.03.2025 07:00;19,50902;15,991
14.03.2025 08:00;20,96326;17,183
14.03.2025 09:00;20,53138;16,829
14.03.2025 10:00;16,49318;13,519
14.03.2025 11:00;13,65058;11,189
14.03.2025 12:00;12,90638;10,579
14.03.2025 13:00;10,21872;8,376
14.03.2025 14:00;10,18456;8,348
14.03.2025 15:00;8,17156;6,698
14.03.2025 16:00;10,45296;8,568
14.03.2025 17:00;16,26626;13,333
14.03.2025 18:00;21,62938;17,729
14.03.2025 19:00;21,08648;17,284
14.03.2025 20:00;19,70666;16,153
14.03.2025 21:00;16,1284;13,22
14.03.2025 22:00;17,9462;14,71
14.03.2025 23:00;13,908;11,4
15.03.2025 00:00;12,83074;10,517
15.03.2025 01:00;13,6823;11,215
15.03.2025 02:00;12,58308;10,314
15.03.2025 03:00;11,712;9,6
15.03.2025 04:00;10,9678;8,99
15.03.2025 05:00;10,6018;8,69
15.03.2025 06:00;18,1231;14,855
15.03.2025 07:00;11,83522;9,701
15.03.2025 08:00;3,21348;2,634
15.03.2025 09:00;2,81576;2,308
15.03.2025 10:00;0;0
15.03.2025 11:00;0;0
15.03.2025 12:00;0;0
15.03.2025 13:00;0;0
15.03.2025 14:00;0;0
15.03.2025 15:00;0,0427;0,035
15.03.2025 16:00;2,80722;2,301
15.03.2025 17:00;10,28094;8,427
15.03.2025 18:00;23,17878;18,999
15.03.2025 19:00;19,33822;15,851
15.03.2025 20:00;16,22112;13,296
15.03.2025 21:00;11,87426;9,733
15.03.2025 22:00;3,05488;2,504
15.03.2025 23:00;2,75598;2,259
16.03.2025 00:00;2,68034;2,197
16.03.2025 01:00;2,53882;2,081
16.03.2025 02:00;2,47172;2,026
16.03.2025 03:00;2,44488;2,004
16.03.2025 04:00;2,40584;1,972
16.03.2025 05:00;2,40828;1,974
16.03.2025 06:00;2,60104;2,132
16.03.2025 07:00;2,70474;2,217
16.03.2025 08:00;2,77672;2,276
16.03.2025 09:00;2,7816;2,28
16.03.2025 10:00;2,04594;1,677
16.03.2025 11:00;0,82716;0,678
16.03.2025 12:00;0,2318;0,19
16.03.2025 13:00;0,0793;0,065
16.03.2025 14:00;0,0061;0,005
16.03.2025 15:00;0,24034;0,197
16.03.2025 16:00;2,62788;2,154
16.03.2025 17:00;2,84748;2,334
16.03.2025 18:00;6,09024;4,992
16.03.2025 19:00;9,33422;7,651
16.03.2025 20:00;5,2216;4,28
16.03.2025 21:00;3,05976;2,508
16.03.2025 22:00;3,00242;2,461
16.03.2025 23:00;2,9524;2,42
17.03.2025 00:00;2,92068;2,394